Structure on Masterlist,IUPAC
Gala-Sp8,Gal(a1-Sp8
Glca-Sp8,Glc(a1-Sp8
Mana-Sp8,Man(a1-Sp8
GalNAca-Sp8,GalNAc(a1-Sp8
GalNAca-Sp15,GalNAc(a1-Sp15
Fuca-Sp8,Fuc(a1-Sp8
Fuca-Sp9,Fuc(a1-Sp9
Rhaa-Sp8,Rha(a1-Sp8
Neu5Aca-Sp8,Neu5Ac(a1-Sp8
Neu5Aca-Sp11,Neu5Ac(a1-Sp11
Neu5Acb-Sp8,Neu5Ac(b1-Sp8
Galb-Sp8,Gal(b1-Sp8
Glcb-Sp8,Glc(b1-Sp8
Manb-Sp8,Man(b1-Sp8
GalNAcb-Sp8,GalNAc(b1-Sp8
GlcNAcb-Sp0,GlcNAc(b1-Sp0
GlcNAcb-Sp8,GlcNAc(b1-Sp8
GlcN(Gc)b-Sp8,GlcN(Gc)(b1-Sp8
Galb1-4GlcNAcb1-6(Galb1-4GlcNAcb1-3)GalNAca-Sp8,Gal(b1-4)GlcNAc(b1-6)[Gal(b1-4)GlcNAc(b1-3)]GalNAc(a1-Sp8
Galb1-4GlcNAcb1-6(Galb1-4GlcNAcb1-3)GalNAc-Sp14,Gal(b1-4)GlcNAc(b1-6)[Gal(b1-4)GlcNAc(b1-3)]GalNAc(b1-Sp14
GlcNAcb1-6(GlcNAcb1-4)(GlcNAcb1-3)GlcNAc-Sp8,GlcNAc(b1-6)[GlcNAc(b1-4)][GlcNAc(b1-3)]GlcNAc(b1-Sp8
6S(3S)Galb1-4(6S)GlcNAcb-Sp0,6S(3S)Gal(b1-4)(6S)GlcNAc(b1-Sp0
6S(3S)Galb1-4GlcNAcb-Sp0,6S(3S)Gal(b1-4)GlcNAc(b1-Sp0
(3S)Galb1-4(Fuca1-3)(6S)Glc-Sp0,(3S)Gal(b1-4)[Fuc(a1-3)](6S)Glc(1-Sp0
(3S)Galb1-4Glcb-Sp8,(3S)Gal(b1-4)Glc(b1-Sp8
(3S)Galb1-4(6S)Glcb-Sp0,(3S)Gal(b1-4)(6S)Glc(b1-Sp0
(3S)Galb1-4(6S)Glcb-Sp8,(3S)Gal(b1-4)(6S)Glc(b1-Sp8
(3S)Galb1-3(Fuca1-4)GlcNAcb-Sp8,(3S)Gal(b1-3)[Fuc(a1-4)]GlcNAc(b1-Sp8
(3S)Galb1-3GalNAca-Sp8,(3S)Gal(b1-3)GalNAc(a1-Sp8
(3S)Galb1-3GlcNAcb-Sp0,(3S)Gal(b1-3)GlcNAc(b1-Sp0
(3S)Galb1-3GlcNAcb-Sp8,(3S)Gal(b1-3)GlcNAc(b1-Sp8
(3S)Galb1-4(Fuca1-3)GlcNAc-Sp0 ,(3S)Gal(b1-4)[Fuc(a1-3)]GlcNAc(1-Sp0
(3S)Galb1-4(Fuca1-3)GlcNAc-Sp8,(3S)Gal(b1-4)[Fuc(a1-3)]GlcNAc(1-Sp8
(3S)Galb1-4(6S)GlcNAcb-Sp0,(3S)Gal(b1-4)(6S)GlcNAc(b1-Sp0
(3S)Galb1-4(6S)GlcNAcb-Sp8,(3S)Gal(b1-4)(6S)GlcNAc(b1-Sp8
(3S)Galb1-4GlcNAcb-Sp0,(3S)Gal(b1-4)GlcNAc(b1-Sp0
(3S)Galb1-4GlcNAcb-Sp8,(3S)Gal(b1-4)GlcNAc(b1-Sp8
(3S)Galb-Sp8,(3S)Gal(b1-Sp8
(6S)(4S)Galb1-4GlcNAcb-Sp0,(6S)(4S)Gal(b1-4)GlcNAc(b1-Sp0
(4S)Galb1-4GlcNAcb-Sp8,(4S)Gal(b1-4)GlcNAc(b1-Sp8
(6P)Mana-Sp8,(6P)Man(a1-Sp8
(6S)Galb1-4Glcb-Sp0,(6S)Gal(b1-4)Glc(b1-Sp0
(6S)Galb1-4Glcb-Sp8,(6S)Gal(b1-4)Glc(b1-Sp8
(6S)Galb1-4GlcNAcb-Sp8,(6S)Gal(b1-4)GlcNAc(b1-Sp8
(6S)Galb1-4(6S)Glcb-Sp8,(6S)Gal(b1-4)(6S)Glc(b1-Sp8
Neu5Aca2-3(6S)Galb1-4GlcNAcb-Sp8,Neu5Ac(a2-3)(6S)Gal(b1-4)GlcNAc(b1-Sp8
(6S)GlcNAcb-Sp8,(6S)GlcNAc(b1-Sp8
"Neu5,9Ac2a-Sp8","Neu5,9Ac2(a1-Sp8"
"Neu5,9Ac2a2-6Galb1-4GlcNAcb-Sp8","Neu5,9Ac2(a2-6)Gal(b1-4)GlcNAc(b1-Sp8"
Mana1-6(Mana1-3)Manb1-4GlcNAcb1-4GlcNAcb-Sp12,Man(a1-6)[Man(a1-3)]Man(b1-4)GlcNAc(b1-4)GlcNAc(b1-Sp12
Mana1-6(Mana1-3)Manb1-4GlcNAcb1-4GlcNAcb-Sp13,Man(a1-6)[Man(a1-3)]Man(b1-4)GlcNAc(b1-4)GlcNAc(b1-Sp13
GlcNAcb1-2Mana1-6(GlcNAcb1-2Mana1-3)Manb1-4GlcNAcb1-4GlcNAcb-Sp12,GlcNAc(b1-2)Man(a1-6)[GlcNAc(b1-2)Man(a1-3)]Man(b1-4)GlcNAc(b1-4)GlcNAc(b1-Sp12
GlcNAcb1-2Mana1-6(GlcNAcb1-2Mana1-3)Manb1-4GlcNAcb1-4GlcNAcb-Sp13,GlcNAc(b1-2)Man(a1-6)[GlcNAc(b1-2)Man(a1-3)]Man(b1-4)GlcNAc(b1-4)GlcNAc(b1-Sp13
Galb1-4GlcNAcb1-2Mana1-6(Galb1-4GlcNAcb1-2Mana1-3)Manb1-4GlcNAcb1-4GlcNAcb-Sp12,Gal(b1-4)GlcNAc(b1-2)Man(a1-6)[Gal(b1-4)GlcNAc(b1-2)Man(a1-3)]Man(b1-4)GlcNAc(b1-4)GlcNAc(b1-Sp12
Neu5Aca2-6Galb1-4GlcNAcb1-2Mana1-6(Neu5Aca2-6Galb1-4GlcNAcb1-2Mana1-3)Manb1-4GlcNAcb1-4GlcNAcb-Sp12,Neu5Ac(a2-6)Gal(b1-4)GlcNAc(b1-2)Man(a1-6)[Neu5Ac(a2-6)Gal(b1-4)GlcNAc(b1-2)Man(a1-3)]Man(b1-4)GlcNAc(b1-4)GlcNAc(b1-Sp12
Neu5Aca2-6Galb1-4GlcNAcb1-2Mana1-6(Neu5Aca2-6Galb1-4GlcNAcb1-2Mana1-3)Manb1-4GlcNAcb1-4GlcNAcb-Sp13,Neu5Ac(a2-6)Gal(b1-4)GlcNAc(b1-2)Man(a1-6)[Neu5Ac(a2-6)Gal(b1-4)GlcNAc(b1-2)Man(a1-3)]Man(b1-4)GlcNAc(b1-4)GlcNAc(b1-Sp13
Neu5Aca2-6Galb1-4GlcNAcb1-2Mana1-6(Neu5Aca2-6Galb1-4GlcNAcb1-2Mana1-3)Manb1-4GlcNAcb1-4GlcNAcb-Sp21,Neu5Ac(a2-6)Gal(b1-4)GlcNAc(b1-2)Man(a1-6)[Neu5Ac(a2-6)Gal(b1-4)GlcNAc(b1-2)Man(a1-3)]Man(b1-4)GlcNAc(b1-4)GlcNAc(b1-Sp21
Neu5Aca2-6Galb1-4GlcNAcb1-2Mana1-6(Neu5Aca2-6Galb1-4GlcNAcb1-2Mana1-3)Manb1-4GlcNAcb1-4GlcNAcb-Sp24,Neu5Ac(a2-6)Gal(b1-4)GlcNAc(b1-2)Man(a1-6)[Neu5Ac(a2-6)Gal(b1-4)GlcNAc(b1-2)Man(a1-3)]Man(b1-4)GlcNAc(b1-4)GlcNAc(b1-Sp24
Fuca1-2Galb1-3GalNAcb1-3Gala-Sp9,Fuc(a1-2)Gal(b1-3)GalNAc(b1-3)Gal(a1-Sp9
Fuca1-2Galb1-3GalNAcb1-3Gala1-4Galb1-4Glcb-Sp9,Fuc(a1-2)Gal(b1-3)GalNAc(b1-3)Gal(a1-4)Gal(b1-4)Glc(b1-Sp9
Fuca1-2Galb1-3(Fuca1-4)GlcNAcb-Sp8,Fuc(a1-2)Gal(b1-3)[Fuc(a1-4)]GlcNAc(b1-Sp8
Fuca1-2Galb1-3GalNAca-Sp8,Fuc(a1-2)Gal(b1-3)GalNAc(a1-Sp8
Fuca1-2Galb1-3GalNAca-Sp14,Fuc(a1-2)Gal(b1-3)GalNAc(a1-Sp14
Fuca1-2Galb1-3GalNAcb1-4(Neu5Aca2-3)Galb1-4Glcb-Sp0,Fuc(a1-2)Gal(b1-3)GalNAc(b1-4)[Neu5Ac(a2-3)]Gal(b1-4)Glc(b1-Sp0
Fuca1-2Galb1-3GalNAcb1-4(Neu5Aca2-3)Galb1-4Glcb-Sp9,Fuc(a1-2)Gal(b1-3)GalNAc(b1-4)[Neu5Ac(a2-3)]Gal(b1-4)Glc(b1-Sp9
Fuca1-2Galb1-3GlcNAcb1-3Galb1-4Glcb-Sp8,Fuc(a1-2)Gal(b1-3)GlcNAc(b1-3)Gal(b1-4)Glc(b1-Sp8
Fuca1-2Galb1-3GlcNAcb1-3Galb1-4Glcb-Sp10,Fuc(a1-2)Gal(b1-3)GlcNAc(b1-3)Gal(b1-4)Glc(b1-Sp10
Fuca1-2Galb1-3GlcNAcb-Sp0,Fuc(a1-2)Gal(b1-3)GlcNAc(b1-Sp0
Fuca1-2Galb1-3GlcNAcb-Sp8,Fuc(a1-2)Gal(b1-3)GlcNAc(b1-Sp8
Fuca1-2Galb1-4(Fuca1-3)GlcNAcb1-3Galb1-4(Fuca1-3)GlcNAcb-Sp0,Fuc(a1-2)Gal(b1-4)[Fuc(a1-3)]GlcNAc(b1-3)Gal(b1-4)[Fuc(a1-3)]GlcNAc(b1-Sp0
Fuca1-2Galb1-4(Fuca1-3)GlcNAcb1-3Galb1-4(Fuca1-3)GlcNAcb1-3Galb1-4(Fuca1-3)GlcNAcb-Sp0,Fuc(a1-2)Gal(b1-4)[Fuc(a1-3)]GlcNAc(b1-3)Gal(b1-4)[Fuc(a1-3)]GlcNAc(b1-3)Gal(b1-4)[Fuc(a1-3)]GlcNAc(b1-Sp0
Fuca1-2Galb1-4(Fuca1-3)GlcNAcb-Sp0,Fuc(a1-2)Gal(b1-4)[Fuc(a1-3)]GlcNAc(b1-Sp0
Fuca1-2Galb1-4(Fuca1-3)GlcNAcb-Sp8,Fuc(a1-2)Gal(b1-4)[Fuc(a1-3)]GlcNAc(b1-Sp8
Fuca1-2Galb1-4GlcNAcb1-3Galb1-4GlcNAcb-Sp0,Fuc(a1-2)Gal(b1-4)GlcNAc(b1-3)Gal(b1-4)GlcNAc(b1-Sp0
Fuca1-2Galb1-4GlcNAcb1-3Galb1-4GlcNAcb1-3Galb1-4GlcNAcb-Sp0,Fuc(a1-2)Gal(b1-4)GlcNAc(b1-3)Gal(b1-4)GlcNAc(b1-3)Gal(b1-4)GlcNAc(b1-Sp0
Fuca1-2Galb1-4GlcNAcb-Sp0,Fuc(a1-2)Gal(b1-4)GlcNAc(b1-Sp0
Fuca1-2Galb1-4GlcNAcb-Sp8,Fuc(a1-2)Gal(b1-4)GlcNAc(b1-Sp8
Fuca1-2Galb1-4Glcb-Sp0,Fuc(a1-2)Gal(b1-4)Glc(b1-Sp0
Fuca1-2Galb-Sp8,Fuc(a1-2)Gal(b1-Sp8
Fuca1-3GlcNAcb-Sp8,Fuc(a1-3)GlcNAc(b1-Sp8
Fuca1-4GlcNAcb-Sp8,Fuc(a1-4)GlcNAc(b1-Sp8
Fucb1-3GlcNAcb-Sp8,Fuc(b1-3)GlcNAc(b1-Sp8
GalNAca1-3(Fuca1-2)Galb1-3GlcNAcb-Sp0,GalNAc(a1-3)[Fuc(a1-2)]Gal(b1-3)GlcNAc(b1-Sp0
GalNAca1-3(Fuca1-2)Galb1-4(Fuca1-3)GlcNAcb-Sp0,GalNAc(a1-3)[Fuc(a1-2)]Gal(b1-4)[Fuc(a1-3)]GlcNAc(b1-Sp0
(3S)Galb1-4(Fuca1-3)Glcb-Sp0,(3S)Gal(b1-4)[Fuc(a1-3)]Glc(b1-Sp0
GalNAca1-3(Fuca1-2)Galb1-4GlcNAcb-Sp0,GalNAc(a1-3)[Fuc(a1-2)]Gal(b1-4)GlcNAc(b1-Sp0
GalNAca1-3(Fuca1-2)Galb1-4GlcNAcb-Sp8,GalNAc(a1-3)[Fuc(a1-2)]Gal(b1-4)GlcNAc(b1-Sp8
GalNAca1-3(Fuca1-2)Galb1-4Glcb-Sp0,GalNAc(a1-3)[Fuc(a1-2)]Gal(b1-4)Glc(b1-Sp0
GlcNAcb1-3Galb1-3GalNAca-Sp8,GlcNAc(b1-3)Gal(b1-3)GalNAc(a1-Sp8
GalNAca1-3(Fuca1-2)Galb-Sp8,GalNAc(a1-3)[Fuc(a1-2)]Gal(b1-Sp8
GalNAca1-3(Fuca1-2)Galb-Sp18,GalNAc(a1-3)[Fuc(a1-2)]Gal(b1-Sp18
GalNAca1-3GalNAcb-Sp8,GalNAc(a1-3)GalNAc(b1-Sp8
GalNAca1-3Galb-Sp8,GalNAc(a1-3)Gal(b1-Sp8
GalNAca1-4(Fuca1-2)Galb1-4GlcNAcb-Sp8,GalNAc(a1-4)[Fuc(a1-2)]Gal(b1-4)GlcNAc(b1-Sp8
GalNAcb1-3GalNAca-Sp8,GalNAc(b1-3)GalNAc(a1-Sp8
GalNAcb1-3(Fuca1-2)Galb-Sp8,GalNAc(b1-3)[Fuc(a1-2)]Gal(b1-Sp8
GalNAcb1-3Gala1-4Galb1-4GlcNAcb-Sp0,GalNAc(b1-3)Gal(a1-4)Gal(b1-4)GlcNAc(b1-Sp0
GalNAcb1-4(Fuca1-3)GlcNAcb-Sp0,GalNAc(b1-4)[Fuc(a1-3)]GlcNAc(b1-Sp0
GalNAcb1-4GlcNAcb-Sp0,GalNAc(b1-4)GlcNAc(b1-Sp0
GalNAcb1-4GlcNAcb-Sp8,GalNAc(b1-4)GlcNAc(b1-Sp8
Gala1-2Galb-Sp8,Gal(a1-2)Gal(b1-Sp8
Gala1-3(Fuca1-2)Galb1-3GlcNAcb-Sp0,Gal(a1-3)[Fuc(a1-2)]Gal(b1-3)GlcNAc(b1-Sp0
Gala1-3(Fuca1-2)Galb1-3GlcNAcb-Sp8,Gal(a1-3)[Fuc(a1-2)]Gal(b1-3)GlcNAc(b1-Sp8
Gala1-3(Fuca1-2)Galb1-4(Fuca1-3)GlcNAcb-Sp0,Gal(a1-3)[Fuc(a1-2)]Gal(b1-4)[Fuc(a1-3)]GlcNAc(b1-Sp0
Gala1-3(Fuca1-2)Galb1-4(Fuca1-3)GlcNAcb-Sp8,Gal(a1-3)[Fuc(a1-2)]Gal(b1-4)[Fuc(a1-3)]GlcNAc(b1-Sp8
Gala1-3(Fuca1-2)Galb1-4GlcNAc-Sp0,Gal(a1-3)[Fuc(a1-2)]Gal(b1-4)GlcNAc(b1-Sp0
Gala1-3(Fuca1-2)Galb1-4Glcb-Sp0,Gal(a1-3)[Fuc(a1-2)]Gal(b1-4)Glc(b1-Sp0
Gala1-3(Fuca1-2)Galb-Sp8,Gal(a1-3)[Fuc(a1-2)]Gal(b1-Sp8
Gala1-3(Fuca1-2)Galb-Sp18,Gal(a1-3)[Fuc(a1-2)]Gal(b1-Sp18
Gala1-4(Gala1-3)Galb1-4GlcNAcb-Sp8,Gal(a1-4)[Gal(a1-3)]Gal(b1-4)GlcNAc(b1-Sp8
Gala1-3GalNAca-Sp8,Gal(a1-3)GalNAc(a1-Sp8
Gala1-3GalNAca-Sp16,Gal(a1-3)GalNAc(a1-Sp16
Gala1-3GalNAcb-Sp8,Gal(a1-3)GalNAc(b1-Sp8
Gala1-3Galb1-4(Fuca1-3)GlcNAcb-Sp8,Gal(a1-3)Gal(b1-4)[Fuc(a1-3)]GlcNAc(b1-Sp8
Gala1-3Galb1-3GlcNAcb-Sp0,Gal(a1-3)Gal(b1-3)GlcNAc(b1-Sp0
Gala1-3Galb1-4GlcNAcb-Sp8,Gal(a1-3)Gal(b1-4)GlcNAc(b1-Sp8
Gala1-3Galb1-4Glcb-Sp0,Gal(a1-3)Gal(b1-4)Glc(b1-Sp0
Gala1-3Galb1-4Glc-Sp10,Gal(a1-3)Gal(b1-4)Glc(b1-Sp10
Gala1-3Galb-Sp8,Gal(a1-3)Gal(b1-Sp8
Gala1-4(Fuca1-2)Galb1-4GlcNAcb-Sp8,Gal(a1-4)[Fuc(a1-2)]Gal(b1-4)GlcNAc(b1-Sp8
Gala1-4Galb1-4GlcNAcb-Sp0,Gal(a1-4)Gal(b1-4)GlcNAc(b1-Sp0
Gala1-4Galb1-4GlcNAcb-Sp8,Gal(a1-4)Gal(b1-4)GlcNAc(b1-Sp8
Gala1-4Galb1-4Glcb-Sp0,Gal(a1-4)Gal(b1-4)Glc(b1-Sp0
Gala1-4GlcNAcb-Sp8,Gal(a1-4)GlcNAc(b1-Sp8
Gala1-6Glcb-Sp8,Gal(a1-6)Glc(b1-Sp8
Galb1-2Galb-Sp8,Gal(b1-2)Gal(b1-Sp8
Galb1-3(Fuca1-4)GlcNAcb1-3Galb1-4(Fuca1-3)GlcNAcb-Sp0,Gal(b1-3)[Fuc(a1-4)]GlcNAc(b1-3)Gal(b1-4)[Fuc(a1-3)]GlcNAc(b1-Sp0
Galb1-3GlcNAcb1-3Galb1-4(Fuca1-3)GlcNAcb-Sp0,Gal(b1-3)GlcNAc(b1-3)Gal(b1-4)[Fuc(a1-3)]GlcNAc(b1-Sp0
Galb1-3(Fuca1-4)GlcNAc-Sp0 ,Gal(b1-3)[Fuc(a1-4)]GlcNAc(b1-Sp0 
Galb1-3(Fuca1-4)GlcNAc-Sp8 ,Gal(b1-3)[Fuc(a1-4)]GlcNAc(b1-Sp8 
Fuca1-4(Galb1-3)GlcNAcb-Sp8,Fuc(a1-4)[Gal(b1-3)]GlcNAc(b1-Sp8
Galb1-4GlcNAcb1-6GalNAca-Sp8,Gal(b1-4)GlcNAc(b1-6)GalNAc(a1-Sp8
Galb1-4GlcNAcb1-6GalNAc-Sp14,Gal(b1-4)GlcNAc(b1-6)GalNAc(b1-Sp14
GlcNAcb1-6(Galb1-3)GalNAca-Sp8 ,GlcNAc(b1-6)[Gal(b1-3)]GalNAc(a1-Sp8 
GlcNAcb1-6(Galb1-3)GalNAca-Sp14,GlcNAc(b1-6)[Gal(b1-3)]GalNAc(a1-Sp14
Neu5Aca2-6(Galb1-3)GalNAca-Sp8,Neu5Ac(a2-6)[Gal(b1-3)]GalNAc(a1-Sp8
Neu5Aca2-6(Galb1-3)GalNAca-Sp14,Neu5Ac(a2-6)[Gal(b1-3)]GalNAc(a1-Sp14
Neu5Acb2-6(Galb1-3)GalNAca-Sp8,Neu5Ac(b2-6)[Gal(b1-3)]GalNAc(a1-Sp8
Neu5Aca2-6(Galb1-3)GlcNAcb1-4Galb1-4Glcb-Sp10,Neu5Ac(a2-6)[Gal(b1-3)]GlcNAc(b1-4)Gal(b1-4)Glc(b1-Sp10
Galb1-3GalNAca-Sp8,Gal(b1-3)GalNAc(a1-Sp8
Galb1-3GalNAca-Sp14,Gal(b1-3)GalNAc(a1-Sp14
Galb1-3GalNAca-Sp16,Gal(b1-3)GalNAc(a1-Sp16
Galb1-3GalNAcb-Sp8,Gal(b1-3)GalNAc(b1-Sp8
Galb1-3GalNAcb1-3Gala1-4Galb1-4Glcb-Sp0,Gal(b1-3)GalNAc(b1-3)Gal(a1-4)Gal(b1-4)Glc(b1-Sp0
Galb1-3GalNAcb1-4(Neu5Aca2-3)Galb1-4Glcb-Sp0,Gal(b1-3)GalNAc(b1-4)[Neu5Ac(a2-3)]Gal(b1-4)Glc(b1-Sp0
Galb1-3GalNAcb1-4Galb1-4Glcb-Sp8,Gal(b1-3)GalNAc(b1-4)Gal(b1-4)Glc(b1-Sp8
Galb1-3Galb-Sp8,Gal(b1-3)Gal(b1-Sp8
Galb1-3GlcNAcb1-3Galb1-4GlcNAcb-Sp0,Gal(b1-3)GlcNAc(b1-3)Gal(b1-4)GlcNAc(b1-Sp0
Galb1-3GlcNAcb1-3Galb1-4Glcb-Sp10,Gal(b1-3)GlcNAc(b1-3)Gal(b1-4)Glc(b1-Sp10
Galb1-3GlcNAcb-Sp0,Gal(b1-3)GlcNAc(b1-Sp0
Galb1-3GlcNAcb-Sp8,Gal(b1-3)GlcNAc(b1-Sp8
Galb1-4(Fuca1-3)GlcNAcb-Sp0,Gal(b1-4)[Fuc(a1-3)]GlcNAc(b1-Sp0
Galb1-4(Fuca1-3)GlcNAcb-Sp8,Gal(b1-4)[Fuc(a1-3)]GlcNAc(b1-Sp8
Galb1-4(Fuca1-3)GlcNAcb1-3Galb1-4(Fuca1-3)GlcNAcb-Sp0,Gal(b1-4)[Fuc(a1-3)]GlcNAc(b1-3)Gal(b1-4)[Fuc(a1-3)]GlcNAc(b1-Sp0
Galb1-4(Fuca1-3)GlcNAcb1-3Galb1-4(Fuca1-3)GlcNAcb1-3Galb1-4(Fuca1-3)GlcNAcb-Sp0,Gal(b1-4)[Fuc(a1-3)]GlcNAc(b1-3)Gal(b1-4)[Fuc(a1-3)]GlcNAc(b1-3)Gal(b1-4)[Fuc(a1-3)]GlcNAc(b1-Sp0
Galb1-4(6S)Glcb-Sp0,Gal(b1-4)(6S)Glc(b1-Sp0
Galb1-4(6S)Glcb-Sp8,Gal(b1-4)(6S)Glc(b1-Sp8
Galb1-4GalNAca1-3(Fuca1-2)Galb1-4GlcNAcb-Sp8,Gal(b1-4)GalNAc(a1-3)[Fuc(a1-2)]Gal(b1-4)GlcNAc(b1-Sp8
Galb1-4GalNAcb1-3(Fuca1-2)Galb1-4GlcNAcb-Sp8,Gal(b1-4)GalNAc(b1-3)[Fuc(a1-2)]Gal(b1-4)GlcNAc(b1-Sp8
Galb1-4GlcNAcb1-3GalNAca-Sp8,Gal(b1-4)GlcNAc(b1-3)GalNAc(a1-Sp8
Galb1-4GlcNAcb1-3GalNAc-Sp14,Gal(b1-4)GlcNAc(b1-3)GalNAc(b1-Sp14
Galb1-4GlcNAcb1-3Galb1-4(Fuca1-3)GlcNAcb1-3Galb1-4(Fuca1-3)GlcNAcb-Sp0,Gal(b1-4)GlcNAc(b1-3)Gal(b1-4)[Fuc(a1-3)]GlcNAc(b1-3)Gal(b1-4)[Fuc(a1-3)]GlcNAc(b1-Sp0
Galb1-4GlcNAcb1-3Galb1-4GlcNAcb1-3Galb1-4GlcNAcb-Sp0,Gal(b1-4)GlcNAc(b1-3)Gal(b1-4)GlcNAc(b1-3)Gal(b1-4)GlcNAc(b1-Sp0
Galb1-4GlcNAcb1-3Galb1-4GlcNAcb-Sp0,Gal(b1-4)GlcNAc(b1-3)Gal(b1-4)GlcNAc(b1-Sp0
Galb1-4GlcNAcb1-3Galb1-4Glcb-Sp0,Gal(b1-4)GlcNAc(b1-3)Gal(b1-4)Glc(b1-Sp0
Galb1-4GlcNAcb1-3Galb1-4Glcb-Sp8,Gal(b1-4)GlcNAc(b1-3)Gal(b1-4)Glc(b1-Sp8
Galb1-4GlcNAcb1-6(Galb1-3)GalNAca-Sp8,Gal(b1-4)GlcNAc(b1-6)[Gal(b1-3)]GalNAc(a1-Sp8
Galb1-4GlcNAcb1-6(Galb1-3)GalNAc-Sp14,Gal(b1-4)GlcNAc(b1-6)[Gal(b1-3)]GalNAc(b1-Sp14
Galb1-4GlcNAcb-Sp0,Gal(b1-4)GlcNAc(b1-Sp0
Galb1-4GlcNAcb-Sp8,Gal(b1-4)GlcNAc(b1-Sp8
Galb1-4GlcNAcb-Sp23,Gal(b1-4)GlcNAc(b1-Sp23
Galb1-4Glcb-Sp0,Gal(b1-4)Glc(b1-Sp0
Galb1-4Glcb-Sp8,Gal(b1-4)Glc(b1-Sp8
GlcNAca1-3Galb1-4GlcNAcb-Sp8,GlcNAc(a1-3)Gal(b1-4)GlcNAc(b1-Sp8
GlcNAca1-6Galb1-4GlcNAcb-Sp8,GlcNAc(a1-6)Gal(b1-4)GlcNAc(b1-Sp8
GlcNAcb1-2Galb1-3GalNAca-Sp8,GlcNAc(b1-2)Gal(b1-3)GalNAc(a1-Sp8
GlcNAcb1-6(GlcNAcb1-3)GalNAca-Sp8,GlcNAc(b1-6)[GlcNAc(b1-3)]GalNAc(a1-Sp8
GlcNAcb1-6(GlcNAcb1-3)GalNAca-Sp14,GlcNAc(b1-6)[GlcNAc(b1-3)]GalNAc(a1-Sp14
GlcNAcb1-6(GlcNAcb1-3)Galb1-4GlcNAcb-Sp8,GlcNAc(b1-6)[GlcNAc(b1-3)]Gal(b1-4)GlcNAc(b1-Sp8
GlcNAcb1-3GalNAca-Sp8,GlcNAc(b1-3)GalNAc(a1-Sp8
GlcNAcb1-3GalNAca-Sp14,GlcNAc(b1-3)GalNAc(a1-Sp14
GlcNAcb1-3Galb-Sp8,GlcNAc(b1-3)Gal(b1-Sp8
GlcNAcb1-3Galb1-4GlcNAcb-Sp0,GlcNAc(b1-3)Gal(b1-4)GlcNAc(b1-Sp0
GlcNAcb1-3Galb1-4GlcNAcb-Sp8,GlcNAc(b1-3)Gal(b1-4)GlcNAc(b1-Sp8
GlcNAcb1-3Galb1-4GlcNAcb1-3Galb1-4GlcNAcb-Sp0,GlcNAc(b1-3)Gal(b1-4)GlcNAc(b1-3)Gal(b1-4)GlcNAc(b1-Sp0
GlcNAcb1-3Galb1-4Glcb-Sp0,GlcNAc(b1-3)Gal(b1-4)Glc(b1-Sp0
GlcNAcb1-4-MDPLys,GlcNAc(b1-MDPLys
GlcNAcb1-6(GlcNAcb1-4)GalNAca-Sp8,GlcNAc(b1-6)[GlcNAc(b1-4)]GalNAc(a1-Sp8
GlcNAcb1-4Galb1-4GlcNAcb-Sp8,GlcNAc(b1-4)Gal(b1-4)GlcNAc(b1-Sp8
GlcNAcb1-4GlcNAcb1-4GlcNAcb1-4GlcNAcb1-4GlcNAcb1-4GlcNAcb1-Sp8,GlcNAc(b1-4)GlcNAc(b1-4)GlcNAc(b1-4)GlcNAc(b1-4)GlcNAc(b1-4)GlcNAc(b1-Sp8
GlcNAcb1-4GlcNAcb1-4GlcNAcb1-4GlcNAcb1-4GlcNAcb1-Sp8,GlcNAc(b1-4)GlcNAc(b1-4)GlcNAc(b1-4)GlcNAc(b1-4)GlcNAc(b1-Sp8
GlcNAcb1-4GlcNAcb1-4GlcNAcb-Sp8,GlcNAc(b1-4)GlcNAc(b1-4)GlcNAc(b1-Sp8
GlcNAcb1-6GalNAca-Sp8,GlcNAc(b1-6)GalNAc(a1-Sp8
GlcNAcb1-6GalNAca-Sp14,GlcNAc(b1-6)GalNAc(a1-Sp14
GlcNAcb1-6Galb1-4GlcNAcb-Sp8,GlcNAc(b1-6)Gal(b1-4)GlcNAc(b1-Sp8
Glca1-4Glcb-Sp8,Glc(a1-4)Glc(b1-Sp8
Glca1-4Glca-Sp8,Glc(a1-4)Glc(a1-Sp8
Glca1-6Glca1-6Glcb-Sp8,Glc(a1-6)Glc(a1-6)Glc(b1-Sp8
Glcb1-4Glcb-Sp8,Glc(b1-4)Glc(b1-Sp8
Glcb1-6Glcb-Sp8,Glc(b1-6)Glc(b1-Sp8
G-ol-Sp8,G-ol(1-Sp8
GlcAa-Sp8,GlcA(a1-Sp8
GlcAb-Sp8,GlcA(b1-Sp8
GlcAb1-3Galb-Sp8,GlcA(b1-3)Gal(b1-Sp8
GlcAb1-6Galb-Sp8,GlcA(b1-6)Gal(b1-Sp8
KDNa2-3Galb1-3GlcNAcb-Sp0,KDN(a2-3)Gal(b1-3)GlcNAc(b1-Sp0
KDNa2-3Galb1-4GlcNAcb-Sp0,KDN(a2-3)Gal(b1-4)GlcNAc(b1-Sp0
Mana1-2Mana1-2Mana1-3Mana-Sp9,Man(a1-2)Man(a1-2)Man(a1-3)Man(a1-Sp9
Mana1-2Mana1-6(Mana1-2Mana1-3)Mana-Sp9,Man(a1-2)Man(a1-6)[Man(a1-2)Man(a1-3)]Man(a1-Sp9
Mana1-2Mana1-3Mana-Sp9,Man(a1-2)Man(a1-3)Man(a1-Sp9
Mana1-6(Mana1-2Mana1-3)Mana1-6(Mana1-2Mana1-3)Manb1-4GlcNAcb1-4GlcNAcb-Sp12,Man(a1-6)[Man(a1-2)Man(a1-3)]Man(a1-6)[Man(a1-2)Man(a1-3)]Man(b1-4)GlcNAc(b1-4)GlcNAc(b1-Sp12
Mana1-2Mana1-6(Mana1-3)Mana1-6(Mana1-2Mana1-2Mana1-3)Manb1-4GlcNAcb1-4GlcNAcb-Sp12,Man(a1-2)Man(a1-6)[Man(a1-3)]Man(a1-6)[Man(a1-2)Man(a1-2)Man(a1-3)]Man(b1-4)GlcNAc(b1-4)GlcNAc(b1-Sp12
Mana1-2Mana1-6(Mana1-2Mana1-3)Mana1-6(Mana1-2Mana1-2Mana1-3)Manb1-4GlcNAcb1-4GlcNAcb-Sp12,Man(a1-2)Man(a1-6)[Man(a1-2)Man(a1-3)]Man(a1-6)[Man(a1-2)Man(a1-2)Man(a1-3)]Man(b1-4)GlcNAc(b1-4)GlcNAc(b1-Sp12
Mana1-6(Mana1-3)Mana-Sp9,Man(a1-6)[Man(a1-3)]Man(a1-Sp9
Mana1-2Mana1-2Mana1-6(Mana1-3)Mana-Sp9,Man(a1-2)Man(a1-2)Man(a1-6)[Man(a1-3)]Man(a1-Sp9
Mana1-6(Mana1-3)Mana1-6(Mana1-2Mana1-3)Manb1-4GlcNAcb1-4GlcNAcb-Sp12,Man(a1-6)[Man(a1-3)]Man(a1-6)[Man(a1-2)Man(a1-3)]Man(b1-4)GlcNAc(b1-4)GlcNAc(b1-Sp12
Mana1-6(Mana1-3)Mana1-6(Mana1-3)Manb1-4GlcNAcb1-4GlcNAcb-Sp12,Man(a1-6)[Man(a1-3)]Man(a1-6)[Man(a1-3)]Man(b1-4)GlcNAc(b1-4)GlcNAc(b1-Sp12
Manb1-4GlcNAcb-Sp0,Man(b1-4)GlcNAc(b1-Sp0
Neu5Aca2-3Galb1-4GlcNAcb1-3Galb1-4(Fuca1-3)GlcNAcb-Sp0,Neu5Ac(a2-3)Gal(b1-4)GlcNAc(b1-3)Gal(b1-4)[Fuc(a1-3)]GlcNAc(b1-Sp0
(3S)Galb1-4(Fuca1-3)(6S)GlcNAcb-Sp8 ,(3S)Gal(b1-4)[Fuc(a1-3)](6S)GlcNAc(b1-Sp8
Fuca1-2(6S)Galb1-4GlcNAcb-Sp0,Fuc(a1-2)(6S)Gal(b1-4)GlcNAc(b1-Sp0
Fuca1-2Galb1-4(6S)GlcNAcb-Sp8,Fuc(a1-2)Gal(b1-4)(6S)GlcNAc(b1-Sp8
Fuca1-2(6S)Galb1-4(6S)Glcb-Sp0,Fuc(a1-2)(6S)Gal(b1-4)(6S)Glc(b1-Sp0
Neu5Aca2-3Galb1-3GalNAca-Sp8,Neu5Ac(a2-3)Gal(b1-3)GalNAc(a1-Sp8
Neu5Aca2-3Galb1-3GalNAca-Sp14,Neu5Ac(a2-3)Gal(b1-3)GalNAc(a1-Sp14
GalNAcb1-4(Neu5Aca2-8Neu5Aca2-8Neu5Aca2-8Neu5Aca2-3)Galb1-4Glcb-Sp0,GalNAc(b1-4)[Neu5Ac(a2-8)Neu5Ac(a2-8)Neu5Ac(a2-8)Neu5Ac(a2-3)]Gal(b1-4)Glc(b1-Sp0
GalNAcb1-4(Neu5Aca2-8Neu5Aca2-8Neu5Aca2-3)Galb1-4Glcb-Sp0,GalNAc(b1-4)[Neu5Ac(a2-8)Neu5Ac(a2-8)Neu5Ac(a2-3)]Gal(b1-4)Glc(b1-Sp0
Neu5Aca2-8Neu5Aca2-8Neu5Aca2-3Galb1-4Glcb-Sp0,Neu5Ac(a2-8)Neu5Ac(a2-8)Neu5Ac(a2-3)Gal(b1-4)Glc(b1-Sp0
GalNAcb1-4(Neu5Aca2-8Neu5Aca2-3)Galb1-4Glcb-Sp0,GalNAc(b1-4)[Neu5Ac(a2-8)Neu5Ac(a2-3)]Gal(b1-4)Glc(b1-Sp0
Neu5Aca2-8Neu5Aca2-8Neu5Aca-Sp8,Neu5Ac(a2-8)Neu5Ac(a2-8)Neu5Ac(a1-Sp8
Neu5Aca2-3(6S)Galb1-4(Fuca1-3)GlcNAcb-Sp8,Neu5Ac(a2-3)(6S)Gal(b1-4)[Fuc(a1-3)]GlcNAc(b1-Sp8
GalNAcb1-4(Neu5Aca2-3)Galb1-4GlcNAcb-Sp0,GalNAc(b1-4)[Neu5Ac(a2-3)]Gal(b1-4)GlcNAc(b1-Sp0
GalNAcb1-4(Neu5Aca2-3)Galb1-4GlcNAcb-Sp8,GalNAc(b1-4)[Neu5Ac(a2-3)]Gal(b1-4)GlcNAc(b1-Sp8
GalNAcb1-4(Neu5Aca2-3)Galb1-4Glcb-Sp0,GalNAc(b1-4)[Neu5Ac(a2-3)]Gal(b1-4)Glc(b1-Sp0
Neu5Aca2-3Galb1-3GalNAcb1-4(Neu5Aca2-3)Galb1-4Glcb-Sp0,Neu5Ac(a2-3)Gal(b1-3)GalNAc(b1-4)[Neu5Ac(a2-3)]Gal(b1-4)Glc(b1-Sp0
Neu5Aca2-6(Neu5Aca2-3)GalNAca-Sp8,Neu5Ac(a2-6)[Neu5Ac(a2-3)]GalNAc(a1-Sp8
Neu5Aca2-3GalNAca-Sp8,Neu5Ac(a2-3)GalNAc(a1-Sp8
Neu5Aca2-3GalNAcb1-4GlcNAcb-Sp0,Neu5Ac(a2-3)GalNAc(b1-4)GlcNAc(b1-Sp0
Neu5Aca2-3Galb1-3(6S)GlcNAc-Sp8,Neu5Ac(a2-3)Gal(b1-3)(6S)GlcNAc(c1-Sp8
Neu5Aca2-3Galb1-3(Fuca1-4)GlcNAcb-Sp8,Neu5Ac(a2-3)Gal(b1-3)[Fuc(a1-4)]GlcNAc(b1-Sp8
Neu5Aca2-3Galb1-3(Fuca1-4)GlcNAcb1-3Galb1-4(Fuca1-3)GlcNAcb-Sp0,Neu5Ac(a2-3)Gal(b1-3)[Fuc(a1-4)]GlcNAc(b1-3)Gal(b1-4)[Fuc(a1-3)]GlcNAc(b1-Sp0
Neu5Aca2-3Galb1-4(Neu5Aca2-3Galb1-3)GlcNAcb-Sp8,Neu5Ac(a2-3)Gal(b1-4)[Neu5Ac(a2-3)Gal(b1-3)]GlcNAc(b1-Sp8
Neu5Aca2-3Galb1-3(6S)GalNAca-Sp8,Neu5Ac(a2-3)Gal(b1-3)(6S)GalNAc(a1-Sp8
Neu5Aca2-6(Neu5Aca2-3Galb1-3)GalNAca-Sp8,Neu5Ac(a2-6)[Neu5Ac(a2-3)Gal(b1-3)]GalNAc(a1-Sp8
Neu5Aca2-6(Neu5Aca2-3Galb1-3)GalNAca-Sp14,Neu5Ac(a2-6)[Neu5Ac(a2-3)Gal(b1-3)]GalNAc(a1-Sp14
Neu5Aca2-3Galb-Sp8,Neu5Ac(a2-3)Gal(b1-Sp8
Neu5Aca2-3Galb1-3GalNAcb1-3Gala1-4Galb1-4Glcb-Sp0,Neu5Ac(a2-3)Gal(b1-3)GalNAc(b1-3)Gal(a1-4)Gal(b1-4)Glc(b1-Sp0
Neu5Aca2-3Galb1-3GlcNAcb1-3Galb1-4GlcNAcb-Sp0,Neu5Ac(a2-3)Gal(b1-3)GlcNAc(b1-3)Gal(b1-4)GlcNAc(b1-Sp0
Fuca1-2(6S)Galb1-4Glcb-Sp0,Fuc(a1-2)(6S)Gal(b1-4)Glc(b1-Sp0
Neu5Aca2-3Galb1-3GlcNAcb-Sp0,Neu5Ac(a2-3)Gal(b1-3)GlcNAc(b1-Sp0
Neu5Aca2-3Galb1-3GlcNAcb-Sp8,Neu5Ac(a2-3)Gal(b1-3)GlcNAc(b1-Sp8
Neu5Aca2-3Galb1-4(6S)GlcNAcb-Sp8,Neu5Ac(a2-3)Gal(b1-4)(6S)GlcNAc(b1-Sp8
Neu5Aca2-3Galb1-4(Fuca1-3)(6S)GlcNAcb-Sp8,Neu5Ac(a2-3)Gal(b1-4)[Fuc(a1-3)](6S)GlcNAc(b1-Sp8
Neu5Aca2-3Galb1-4(Fuca1-3)GlcNAcb1-3Galb1-4(Fuca1-3)GlcNAcb1-3Galb1-4(Fuca1-3)GlcNAcb-Sp0,Neu5Ac(a2-3)Gal(b1-4)[Fuc(a1-3)]GlcNAc(b1-3)Gal(b1-4)[Fuc(a1-3)]GlcNAc(b1-3)Gal(b1-4)[Fuc(a1-3)]GlcNAc(b1-Sp0
Neu5Aca2-3Galb1-4(Fuca1-3)GlcNAcb-Sp0,Neu5Ac(a2-3)Gal(b1-4)[Fuc(a1-3)]GlcNAc(b1-Sp0
Neu5Aca2-3Galb1-4(Fuca1-3)GlcNAcb-Sp8,Neu5Ac(a2-3)Gal(b1-4)[Fuc(a1-3)]GlcNAc(b1-Sp8
Neu5Aca2-3Galb1-4(Fuca1-3)GlcNAcb1-3Galb-Sp8,Neu5Ac(a2-3)Gal(b1-4)[Fuc(a1-3)]GlcNAc(b1-3)Gal(b1-Sp8
Neu5Aca2-3Galb1-4(Fuca1-3)GlcNAcb1-3Galb1-4GlcNAcb-Sp8,Neu5Ac(a2-3)Gal(b1-4)[Fuc(a1-3)]GlcNAc(b1-3)Gal(b1-4)GlcNAc(b1-Sp8
Neu5Aca2-3Galb1-4GlcNAcb1-3Galb1-4GlcNAcb1-3Galb1-4GlcNAcb-Sp0,Neu5Ac(a2-3)Gal(b1-4)GlcNAc(b1-3)Gal(b1-4)GlcNAc(b1-3)Gal(b1-4)GlcNAc(b1-Sp0
Neu5Aca2-3Galb1-4GlcNAcb-Sp0,Neu5Ac(a2-3)Gal(b1-4)GlcNAc(b1-Sp0
Neu5Aca2-3Galb1-4GlcNAcb-Sp8,Neu5Ac(a2-3)Gal(b1-4)GlcNAc(b1-Sp8
Neu5Aca2-3Galb1-4GlcNAcb1-3Galb1-4GlcNAcb-Sp0,Neu5Ac(a2-3)Gal(b1-4)GlcNAc(b1-3)Gal(b1-4)GlcNAc(b1-Sp0
Fuca1-2Galb1-4(6S)Glcb-Sp0,Fuc(a1-2)Gal(b1-4)(6S)Glc(b1-Sp0
Neu5Aca2-3Galb1-4Glcb-Sp0,Neu5Ac(a2-3)Gal(b1-4)Glc(b1-Sp0
Neu5Aca2-3Galb1-4Glcb-Sp8,Neu5Ac(a2-3)Gal(b1-4)Glc(b1-Sp8
Neu5Aca2-6GalNAca-Sp8,Neu5Ac(a2-6)GalNAc(a1-Sp8
Neu5Aca2-6GalNAcb1-4GlcNAcb-Sp0,Neu5Ac(a2-6)GalNAc(b1-4)GlcNAc(b1-Sp0
Neu5Aca2-6Galb1-4(6S)GlcNAcb-Sp8,Neu5Ac(a2-6)Gal(b1-4)(6S)GlcNAc(b1-Sp8
Neu5Aca2-6Galb1-4GlcNAcb-Sp0,Neu5Ac(a2-6)Gal(b1-4)GlcNAc(b1-Sp0
Neu5Aca2-6Galb1-4GlcNAcb-Sp8,Neu5Ac(a2-6)Gal(b1-4)GlcNAc(b1-Sp8
Neu5Aca2-6Galb1-4GlcNAcb1-3Galb1-4(Fuca1-3)GlcNAcb1-3Galb1-4(Fuca1-3)GlcNAcb-Sp0,Neu5Ac(a2-6)Gal(b1-4)GlcNAc(b1-3)Gal(b1-4)[Fuc(a1-3)]GlcNAc(b1-3)Gal(b1-4)[Fuc(a1-3)]GlcNAc(b1-Sp0
Neu5Aca2-6Galb1-4GlcNAcb1-3Galb1-4GlcNAcb-Sp0,Neu5Ac(a2-6)Gal(b1-4)GlcNAc(b1-3)Gal(b1-4)GlcNAc(b1-Sp0
Neu5Aca2-6Galb1-4Glcb-Sp0,Neu5Ac(a2-6)Gal(b1-4)Glc(b1-Sp0
Neu5Aca2-6Galb1-4Glcb-Sp8,Neu5Ac(a2-6)Gal(b1-4)Glc(b1-Sp8
Neu5Aca2-6Galb-Sp8,Neu5Ac(a2-6)Gal(b1-Sp8
Neu5Aca2-8Neu5Aca-Sp8,Neu5Ac(a2-8)Neu5Ac(a1-Sp8
Neu5Aca2-8Neu5Aca2-3Galb1-4Glcb-Sp0,Neu5Ac(a2-8)Neu5Ac(a2-3)Gal(b1-4)Glc(b1-Sp0
Galb1-3(Fuca1-4)GlcNAcb1-3Galb1-3(Fuca1-4)GlcNAcb-Sp0,Gal(b1-3)[Fuc(a1-4)]GlcNAc(b1-3)Gal(b1-3)[Fuc(a1-4)]GlcNAc(b1-Sp0
Neu5Acb2-6GalNAca-Sp8,Neu5Ac(b2-6)GalNAc(a1-Sp8
Neu5Acb2-6Galb1-4GlcNAcb-Sp8,Neu5Ac(b2-6)Gal(b1-4)GlcNAc(b1-Sp8
Neu5Gca2-3Galb1-3(Fuca1-4)GlcNAcb-Sp0,Neu5Gc(a2-3)Gal(b1-3)[Fuc(a1-4)]GlcNAc(b1-Sp0
Neu5Gca2-3Galb1-3GlcNAcb-Sp0,Neu5Gc(a2-3)Gal(b1-3)GlcNAc(b1-Sp0
Neu5Gca2-3Galb1-4(Fuca1-3)GlcNAcb-Sp0,Neu5Gc(a2-3)Gal(b1-4)[Fuc(a1-3)]GlcNAc(b1-Sp0
Neu5Gca2-3Galb1-4GlcNAcb-Sp0,Neu5Gc(a2-3)Gal(b1-4)GlcNAc(b1-Sp0
Neu5Gca2-3Galb1-4Glcb-Sp0,Neu5Gc(a2-3)Gal(b1-4)Glc(b1-Sp0
Neu5Gca2-6GalNAca-Sp0,Neu5Gc(a2-6)GalNAc(a1-Sp0
Neu5Gca2-6Galb1-4GlcNAcb-Sp0,Neu5Gc(a2-6)Gal(b1-4)GlcNAc(b1-Sp0
Neu5Gca-Sp8,Neu5Gc(a1-Sp8
Neu5Aca2-3Galb1-4GlcNAcb1-6(Galb1-3)GalNAca-Sp14,Neu5Ac(a2-3)Gal(b1-4)GlcNAc(b1-6)[Gal(b1-3)]GalNAc(a1-Sp14
Galb1-3GlcNAcb1-3Galb1-3GlcNAcb-Sp0,Gal(b1-3)GlcNAc(b1-3)Gal(b1-3)GlcNAc(b1-Sp0
Galb1-4(Fuca1-3)(6S)GlcNAcb-Sp0 ,Gal(b1-4)[Fuc(a1-3)](6S)GlcNAc(b1-Sp0
Galb1-4(Fuca1-3)(6S)Glcb-Sp0,Gal(b1-4)[Fuc(a1-3)](6S)Glc(b1-Sp0
Galb1-4(Fuca1-3)GlcNAcb1-3Galb1-3(Fuca1-4)GlcNAcb-Sp0,Gal(b1-4)[Fuc(a1-3)]GlcNAc(b1-3)Gal(b1-3)[Fuc(a1-4)]GlcNAc(b1-Sp0
Galb1-4GlcNAcb1-3Galb1-3GlcNAcb-Sp0,Gal(b1-4)GlcNAc(b1-3)Gal(b1-3)GlcNAc(b1-Sp0
Neu5Aca2-3Galb1-3GlcNAcb1-3Galb1-3GlcNAcb-Sp0,Neu5Ac(a2-3)Gal(b1-3)GlcNAc(b1-3)Gal(b1-3)GlcNAc(b1-Sp0
Neu5Aca2-3Galb1-4GlcNAcb1-3Galb1-3GlcNAcb-Sp0,Neu5Ac(a2-3)Gal(b1-4)GlcNAc(b1-3)Gal(b1-3)GlcNAc(b1-Sp0
4S(3S)Galb1-4GlcNAcb-Sp0,4S(3S)Gal(b1-4)GlcNAc(b1-Sp0
(6S)Galb1-4(6S)GlcNAcb-Sp0,(6S)Gal(b1-4)(6S)GlcNAc(b1-Sp0
(6P)Glcb-Sp10,(6P)Glc(b1-Sp10
Neu5Aca2-3Galb1-4(Fuca1-3)GlcNAcb1-6(Galb1-3)GalNAca-Sp14,Neu5Ac(a2-3)Gal(b1-4)[Fuc(a1-3)]GlcNAc(b1-6)[Gal(b1-3)]GalNAc(a1-Sp14
Galb1-3Galb1-4GlcNAcb-Sp8,Gal(b1-3)Gal(b1-4)GlcNAc(b1-Sp8
Neu5Aca2-6Galb1-4GlcNAcb1-2Mana1-6(Galb1-4GlcNAcb1-2Mana1-3)Manb1-4GlcNAcb1-4GlcNAcb-Sp12,Neu5Ac(a2-6)Gal(b1-4)GlcNAc(b1-2)Man(a1-6)[Gal(b1-4)GlcNAc(b1-2)Man(a1-3)]Man(b1-4)GlcNAc(b1-4)GlcNAc(b1-Sp12
Galb1-4GlcNAcb1-6(Galb1-4GlcNAcb1-3)Galb1-4GlcNAc-Sp0,Gal(b1-4)GlcNAc(b1-6)[Gal(b1-4)GlcNAc(b1-3)]Gal(b1-4)GlcNAc(b1-Sp0
GlcNAcb1-6(Galb1-4GlcNAcb1-3)Galb1-4GlcNAc-Sp0,GlcNAc(b1-6)[Gal(b1-4)GlcNAc(b1-3)]Gal(b1-4)GlcNAc(b1-Sp0
Galb1-4GlcNAca1-6Galb1-4GlcNAcb-Sp0,Gal(b1-4)GlcNAc(a1-6)Gal(b1-4)GlcNAc(b1-Sp0
Galb1-4GlcNAcb1-6Galb1-4GlcNAcb-Sp0,Gal(b1-4)GlcNAc(b1-6)Gal(b1-4)GlcNAc(b1-Sp0
GalNAcb1-3Galb-Sp8,GalNAc(b1-3)Gal(b1-Sp8
GlcAb1-3GlcNAcb-Sp8,GlcA(b1-3)GlcNAc(b1-Sp8
Neu5Aca2-6Galb1-4GlcNAcb1-2Mana1-6(GlcNAcb1-2Mana1-3)Manb1-4GlcNAcb1-4GlcNAcb-Sp12,Neu5Ac(a2-6)Gal(b1-4)GlcNAc(b1-2)Man(a1-6)[GlcNAc(b1-2)Man(a1-3)]Man(b1-4)GlcNAc(b1-4)GlcNAc(b1-Sp12
GlcNAcb1-3Man-Sp10,GlcNAc(b1-3)Man(b1-Sp10
GlcNAcb1-4GlcNAcb-Sp10,GlcNAc(b1-4)GlcNAc(b1-Sp10
GlcNAcb1-4GlcNAcb-Sp12,GlcNAc(b1-4)GlcNAc(b1-Sp12
MurNAcb1-4GlcNAcb-Sp10,MurNAc(b1-4)GlcNAc(b1-Sp10
Mana1-6Manb-Sp10,Man(a1-6)Man(b1-Sp10
Mana1-6(Mana1-3)Mana1-6(Mana1-3)Manb-Sp10,Man(a1-6)[Man(a1-3)]Man(a1-6)[Man(a1-3)]Man(b1-Sp10
Mana1-2Mana1-6(Mana1-3)Mana1-6(Mana1-2Mana1-2Mana1-3)Mana-Sp9,Man(a1-2)Man(a1-6)[Man(a1-3)]Man(a1-6)[Man(a1-2)Man(a1-2)Man(a1-3)]Man(a1-Sp9
Mana1-2Mana1-6(Mana1-2Mana1-3)Mana1-6(Mana1-2Mana1-2Mana1-3)Mana-Sp9,Man(a1-2)Man(a1-6)[Man(a1-2)Man(a1-3)]Man(a1-6)[Man(a1-2)Man(a1-2)Man(a1-3)]Man(a1-Sp9
Neu5Aca2-3Galb1-4GlcNAcb1-6(Neu5Aca2-3Galb1-3)GalNAca-Sp14,Neu5Ac(a2-3)Gal(b1-4)GlcNAc(b1-6)[Neu5Ac(a2-3)Gal(b1-3)]GalNAc(a1-Sp14
Neu5Aca2-6Galb1-4GlcNAcb1-2Mana1-6(Neu5Aca2-3Galb1-4GlcNAcb1-2Mana1-3)Manb1-4GlcNAcb1-4GlcNAcb-Sp12,Neu5Ac(a2-6)Gal(b1-4)GlcNAc(b1-2)Man(a1-6)[Neu5Ac(a2-3)Gal(b1-4)GlcNAc(b1-2)Man(a1-3)]Man(b1-4)GlcNAc(b1-4)GlcNAc(b1-Sp12
Galb1-4GlcNAcb1-2Mana1-6(Neu5Aca2-6Galb1-4GlcNAcb1-2Mana1-3)Manb1-4GlcNAcb1-4GlcNAcb-Sp12,Gal(b1-4)GlcNAc(b1-2)Man(a1-6)[Neu5Ac(a2-6)Gal(b1-4)GlcNAc(b1-2)Man(a1-3)]Man(b1-4)GlcNAc(b1-4)GlcNAc(b1-Sp12
GlcNAcb1-2Mana1-6(Neu5Aca2-6Galb1-4GlcNAcb1-2Mana1-3)Manb1-4GlcNAcb1-4GlcNAcb-Sp12,GlcNAc(b1-2)Man(a1-6)[Neu5Ac(a2-6)Gal(b1-4)GlcNAc(b1-2)Man(a1-3)]Man(b1-4)GlcNAc(b1-4)GlcNAc(b1-Sp12
Neu5Aca2-8Neu5Acb-Sp17,Neu5Ac(a2-8)Neu5Ac(b1-Sp17
Neu5Aca2-8Neu5Aca2-8Neu5Acb-Sp8,Neu5Ac(a2-8)Neu5Ac(a2-8)Neu5Ac(b1-Sp8
Neu5Gcb2-6Galb1-4GlcNAc-Sp8,Neu5Gc(b2-6)Gal(b1-4)GlcNAc(b1-Sp8
Galb1-3GlcNAcb1-2Mana1-6(Galb1-3GlcNAcb1-2Mana1-3)Manb1-4GlcNAcb1-4GlcNAcb-Sp19,Gal(b1-3)GlcNAc(b1-2)Man(a1-6)[Gal(b1-3)GlcNAc(b1-2)Man(a1-3)]Man(b1-4)GlcNAc(b1-4)GlcNAc(b1-Sp19
Neu5Aca2-3Galb1-4GlcNAcb1-2Mana1-6(Neu5Aca2-3Galb1-4GlcNAcb1-2Mana1-3)Manb1-4GlcNAcb1-4GlcNAcb-Sp12,Neu5Ac(a2-3)Gal(b1-4)GlcNAc(b1-2)Man(a1-6)[Neu5Ac(a2-3)Gal(b1-4)GlcNAc(b1-2)Man(a1-3)]Man(b1-4)GlcNAc(b1-4)GlcNAc(b1-Sp12
Neu5Aca2-3Galb1-4GlcNAcb1-2Mana1-6(Neu5Aca2-6Galb1-4GlcNAcb1-2Mana1-3)Manb1-4GlcNAcb1-4GlcNAcb-Sp12,Neu5Ac(a2-3)Gal(b1-4)GlcNAc(b1-2)Man(a1-6)[Neu5Ac(a2-6)Gal(b1-4)GlcNAc(b1-2)Man(a1-3)]Man(b1-4)GlcNAc(b1-4)GlcNAc(b1-Sp12
Galb1-4(Fuca1-3)GlcNAcb1-2Mana1-6(Galb1-4(Fuca1-3)GlcNAcb1-2Mana1-3)Manb1-4GlcNAcb1-4GlcNAcb-Sp20,Gal(b1-4)[Fuc(a1-3)]GlcNAc(b1-2)Man(a1-6)[Gal(b1-4)[Fuc(a1-3)]GlcNAc(b1-2)Man(a1-3)]Man(b1-4)GlcNAc(b1-4)GlcNAc(b1-Sp20
"Neu5,9Ac2a2-3Galb1-4GlcNAcb-Sp0","Neu5,9Ac2(a2-3)Gal(b1-4)GlcNAc(b1-Sp0"
"Neu5,9Ac2a2-3Galb1-3GlcNAcb-Sp0","Neu5,9Ac2(a2-3)Gal(b1-3)GlcNAc(b1-Sp0"
Neu5Aca2-6Galb1-4GlcNAcb1-3Galb1-3GlcNAcb-Sp0,Neu5Ac(a2-6)Gal(b1-4)GlcNAc(b1-3)Gal(b1-3)GlcNAc(b1-Sp0
Neu5Aca2-3Galb1-3(Fuca1-4)GlcNAcb1-3Galb1-3(Fuca1-4)GlcNAcb-Sp0,Neu5Ac(a2-3)Gal(b1-3)[Fuc(a1-4)]GlcNAc(b1-3)Gal(b1-3)[Fuc(a1-4)]GlcNAc(b1-Sp0
Neu5Aca2-6Galb1-4GlcNAcb1-3Galb1-4GlcNAcb1-3Galb1-4GlcNAcb-Sp0,Neu5Ac(a2-6)Gal(b1-4)GlcNAc(b1-3)Gal(b1-4)GlcNAc(b1-3)Gal(b1-4)GlcNAc(b1-Sp0
Gala1-4Galb1-4GlcNAcb1-3Galb1-4Glcb-Sp0,Gal(a1-4)Gal(b1-4)GlcNAc(b1-3)Gal(b1-4)Glc(b1-Sp0
GalNAcb1-3Gala1-4Galb1-4GlcNAcb1-3Galb1-4Glcb-Sp0,GalNAc(b1-3)Gal(a1-4)Gal(b1-4)GlcNAc(b1-3)Gal(b1-4)Glc(b1-Sp0
GalNAca1-3(Fuca1-2)Galb1-4GlcNAcb1-3Galb1-4GlcNAcb-Sp0,GalNAc(a1-3)[Fuc(a1-2)]Gal(b1-4)GlcNAc(b1-3)Gal(b1-4)GlcNAc(b1-Sp0
GalNAca1-3(Fuca1-2)Galb1-4GlcNAcb1-3Galb1-4GlcNAcb1-3Galb1-4GlcNAcb-Sp0,GalNAc(a1-3)[Fuc(a1-2)]Gal(b1-4)GlcNAc(b1-3)Gal(b1-4)GlcNAc(b1-3)Gal(b1-4)GlcNAc(b1-Sp0
Neu5Aca2-3Galb1-4(Fuca1-3)GlcNAcb1-6(Neu5Aca2-3Galb1-3)GalNAc-Sp14,Neu5Ac(a2-3)Gal(b1-4)[Fuc(a1-3)]GlcNAc(b1-6)[Neu5Ac(a2-3)Gal(b1-3)]GalNAc(b1-Sp14
GlcNAca1-4Galb1-4GlcNAcb1-3Galb1-4GlcNAcb1-3Galb1-4GlcNAcb-Sp0,GlcNAc(a1-4)Gal(b1-4)GlcNAc(b1-3)Gal(b1-4)GlcNAc(b1-3)Gal(b1-4)GlcNAc(b1-Sp0
GlcNAca1-4Galb1-4GlcNAcb-Sp0,GlcNAc(a1-4)Gal(b1-4)GlcNAc(b1-Sp0
GlcNAca1-4Galb1-3GlcNAcb-Sp0,GlcNAc(a1-4)Gal(b1-3)GlcNAc(b1-Sp0
GlcNAca1-4Galb1-4GlcNAcb1-3Galb1-4Glcb-Sp0,GlcNAc(a1-4)Gal(b1-4)GlcNAc(b1-3)Gal(b1-4)Glc(b1-Sp0
GlcNAca1-4Galb1-4GlcNAcb1-3Galb1-4(Fuca1-3)GlcNAcb1-3Galb1-4(Fuca1-3)GlcNAcb-Sp0,GlcNAc(a1-4)Gal(b1-4)GlcNAc(b1-3)Gal(b1-4)[Fuc(a1-3)]GlcNAc(b1-3)Gal(b1-4)[Fuc(a1-3)]GlcNAc(b1-Sp0
GlcNAca1-4Galb1-4GlcNAcb1-3Galb1-4GlcNAcb-Sp0,GlcNAc(a1-4)Gal(b1-4)GlcNAc(b1-3)Gal(b1-4)GlcNAc(b1-Sp0
GlcNAca1-4Galb1-3GalNAc-Sp14,GlcNAc(a1-4)Gal(b1-3)GalNAc(b1-Sp14
Neu5Aca2-6Galb1-4GlcNAcb1-2Mana1-6(Mana1-3)Manb1-4GlcNAcb1-4GlcNAc-Sp12,Neu5Ac(a2-6)Gal(b1-4)GlcNAc(b1-2)Man(a1-6)[Man(a1-3)]Man(b1-4)GlcNAc(b1-4)GlcNAc(b1-Sp12
Mana1-6(Neu5Aca2-6Galb1-4GlcNAcb1-2Mana1-3)Manb1-4GlcNAcb1-4GlcNAc-Sp12,Man(a1-6)[Neu5Ac(a2-6)Gal(b1-4)GlcNAc(b1-2)Man(a1-3)]Man(b1-4)GlcNAc(b1-4)GlcNAc(b1-Sp12
Neu5Aca2-6Galb1-4GlcNAcb1-2Mana1-6Manb1-4GlcNAcb1-4GlcNAc-Sp12,Neu5Ac(a2-6)Gal(b1-4)GlcNAc(b1-2)Man(a1-6)Man(b1-4)GlcNAc(b1-4)GlcNAc(b1-Sp12
Neu5Aca2-6Galb1-4GlcNAcb1-2Mana1-3Manb1-4GlcNAcb1-4GlcNAc-Sp12,Neu5Ac(a2-6)Gal(b1-4)GlcNAc(b1-2)Man(a1-3)Man(b1-4)GlcNAc(b1-4)GlcNAc(b1-Sp12
Galb1-4GlcNAcb1-2Mana1-3Manb1-4GlcNAcb1-4GlcNAc-Sp12,Gal(b1-4)GlcNAc(b1-2)Man(a1-3)Man(b1-4)GlcNAc(b1-4)GlcNAc(b1-Sp12
Galb1-4GlcNAcb1-2Mana1-6Manb1-4GlcNAcb1-4GlcNAc-Sp12,Gal(b1-4)GlcNAc(b1-2)Man(a1-6)Man(b1-4)GlcNAc(b1-4)GlcNAc(b1-Sp12
Mana1-6(Galb1-4GlcNAcb1-2Mana1-3)Manb1-4GlcNAcb1-4GlcNAcb-Sp12,Man(a1-6)[Gal(b1-4)GlcNAc(b1-2)Man(a1-3)]Man(b1-4)GlcNAc(b1-4)GlcNAc(b1-Sp12
GlcNAcb1-2Mana1-6(GlcNAcb1-2Mana1-3)Manb1-4GlcNAcb1-4(Fuca1-6)GlcNAcb-Sp22,GlcNAc(b1-2)Man(a1-6)[GlcNAc(b1-2)Man(a1-3)]Man(b1-4)GlcNAc(b1-4)[Fuc(a1-6)]GlcNAc(b1-Sp22
Galb1-4GlcNAcb1-2Mana1-6(Galb1-4GlcNAcb1-2Mana1-3)Manb1-4GlcNAcb1-4(Fuca1-6)GlcNAcb-Sp22,Gal(b1-4)GlcNAc(b1-2)Man(a1-6)[Gal(b1-4)GlcNAc(b1-2)Man(a1-3)]Man(b1-4)GlcNAc(b1-4)[Fuc(a1-6)]GlcNAc(b1-Sp22
Galb1-3GlcNAcb1-2Mana1-6(Galb1-3GlcNAcb1-2Mana1-3)Manb1-4GlcNAcb1-4(Fuca1-6)GlcNAcb-Sp22,Gal(b1-3)GlcNAc(b1-2)Man(a1-6)[Gal(b1-3)GlcNAc(b1-2)Man(a1-3)]Man(b1-4)GlcNAc(b1-4)[Fuc(a1-6)]GlcNAc(b1-Sp22
(6S)GlcNAcb1-3Galb1-4GlcNAcb-Sp0,(6S)GlcNAc(b1-3)Gal(b1-4)GlcNAc(b1-Sp0
KDNa2-3Galb1-4(Fuca1-3)GlcNAc-Sp0,KDN(a2-3)Gal(b1-4)[Fuc(a1-3)]GlcNAc(b1-Sp0
KDNa2-6Galb1-4GlcNAc-Sp0,KDN(a2-6)Gal(b1-4)GlcNAc(b1-Sp0
KDNa2-3Galb1-4Glc-Sp0,KDN(a2-3)Gal(b1-4)Glc(b1-Sp0
KDNa2-3Galb1-3GalNAca-Sp14,KDN(a2-3)Gal(b1-3)GalNAc(a1-Sp14
Fuca1-2Galb1-3GlcNAcb1-2Mana1-6(Fuca1-2Galb1-3GlcNAcb1-2Mana1-3)Manb1-4GlcNAcb1-4GlcNAcb-Sp20,Fuc(a1-2)Gal(b1-3)GlcNAc(b1-2)Man(a1-6)[Fuc(a1-2)Gal(b1-3)GlcNAc(b1-2)Man(a1-3)]Man(b1-4)GlcNAc(b1-4)GlcNAc(b1-Sp20
Fuca1-2Galb1-4GlcNAcb1-2Mana1-6(Fuca1-2Galb1-4GlcNAcb1-2Mana1-3)Manb1-4GlcNAcb1-4GlcNAcb-Sp20,Fuc(a1-2)Gal(b1-4)GlcNAc(b1-2)Man(a1-6)[Fuc(a1-2)Gal(b1-4)GlcNAc(b1-2)Man(a1-3)]Man(b1-4)GlcNAc(b1-4)GlcNAc(b1-Sp20
Fuca1-2Galb1-4(Fuca1-3)GlcNAcb1-2Mana1-6(Fuca1-2Galb1-4(Fuca1-3)GlcNAcb1-2Mana1-3)Manb1-4GlcNAcb1-4GlcNAb-Sp20,Fuc(a1-2)Gal(b1-4)[Fuc(a1-3)]GlcNAc(b1-2)Man(a1-6)[Fuc(a1-2)Gal(b1-4)[Fuc(a1-3)]GlcNAc(b1-2)Man(a1-3)]Man(b1-4)GlcNAc(b1-4)GlcNAc(b1-Sp20
Gala1-3Galb1-4GlcNAcb1-2Mana1-6(Gala1-3Galb1-4GlcNAcb1-2Mana1-3)Manb1-4GlcNAcb1-4GlcNAcb-Sp20,Gal(a1-3)Gal(b1-4)GlcNAc(b1-2)Man(a1-6)[Gal(a1-3)Gal(b1-4)GlcNAc(b1-2)Man(a1-3)]Man(b1-4)GlcNAc(b1-4)GlcNAc(b1-Sp20
Galb1-4GlcNAcb1-2Mana1-6(Mana1-3)Manb1-4GlcNAcb1-4GlcNAcb-Sp12,Gal(b1-4)GlcNAc(b1-2)Man(a1-6)[Man(a1-3)]Man(b1-4)GlcNAc(b1-4)GlcNAc(b1-Sp12
Fuca1-4(Galb1-3)GlcNAcb1-2Mana1-6(Fuca1-4(Galb1-3)GlcNAcb1-2Mana1-3)Manb1-4GlcNAcb1-4(Fuca1-6)GlcNAcb-Sp22,Fuc(a1-4)[Gal(b1-3)]GlcNAc(b1-2)Man(a1-6)[Fuc(a1-4)[Gal(b1-3)]GlcNAc(b1-2)Man(a1-3)]Man(b1-4)GlcNAc(b1-4)[Fuc(a1-6)]GlcNAc(b1-Sp22
Neu5Aca2-6GlcNAcb1-4GlcNAc-Sp21,Neu5Ac(a2-6)GlcNAc(b1-4)GlcNAc(b1-Sp21
Neu5Aca2-6GlcNAcb1-4GlcNAcb1-4GlcNAc-Sp21,Neu5Ac(a2-6)GlcNAc(b1-4)GlcNAc(b1-4)GlcNAc(b1-Sp21
Galb1-4(Fuca1-3)GlcNAcb1-6(Fuca1-2Galb1-4GlcNAcb1-3)Galb1-4Glc-Sp21,Gal(b1-4)[Fuc(a1-3)]GlcNAc(b1-6)[Fuc(a1-2)Gal(b1-4)GlcNAc(b1-3)]Gal(b1-4)Glc(b1-Sp21
Galb1-4GlcNAcb1-2Mana1-6(Galb1-4GlcNAcb1-4(Galb1-4GlcNAcb1-2)Mana1-3)Manb1-4GlcNAcb1-4GlcNAc-Sp21,Gal(b1-4)GlcNAc(b1-2)Man(a1-6)[Gal(b1-4)GlcNAc(b1-4)[Gal(b1-4)GlcNAc(b1-2)]Man(a1-3)]Man(b1-4)GlcNAc(b1-4)GlcNAc(b1-Sp21
GalNAca1-3(Fuca1-2)Galb1-4GlcNAcb1-2Mana1-6(GalNAca1-3(Fuca1-2)Galb1-4GlcNAcb1-2Mana1-3)Manb1-4GlcNAcb1-4GlcNAcb-Sp20,GalNAc(a1-3)[Fuc(a1-2)]Gal(b1-4)GlcNAc(b1-2)Man(a1-6)[GalNAc(a1-3)[Fuc(a1-2)]Gal(b1-4)GlcNAc(b1-2)Man(a1-3)]Man(b1-4)GlcNAc(b1-4)GlcNAc(b1-Sp20
Gala1-3(Fuca1-2)Galb1-4GlcNAcb1-2Mana1-6(Gala1-3(Fuca1-2)Galb1-4GlcNAcb1-2Mana1-3)Manb1-4GlcNAcb1-4GlcNAcb-Sp20,Gal(a1-3)[Fuc(a1-2)]Gal(b1-4)GlcNAc(b1-2)Man(a1-6)[Gal(a1-3)[Fuc(a1-2)]Gal(b1-4)GlcNAc(b1-2)Man(a1-3)]Man(b1-4)GlcNAc(b1-4)GlcNAc(b1-Sp20
Gala1-3Galb1-4(Fuca1-3)GlcNAcb1-2Mana1-6(Gala1-3Galb1-4(Fuca1-3)GlcNAcb1-2Mana1-3)Manb1-4GlcNAcb1-4GlcNAcb-Sp20,Gal(a1-3)Gal(b1-4)[Fuc(a1-3)]GlcNAc(b1-2)Man(a1-6)[Gal(a1-3)Gal(b1-4)[Fuc(a1-3)]GlcNAc(b1-2)Man(a1-3)]Man(b1-4)GlcNAc(b1-4)GlcNAc(b1-Sp20
GalNAca1-3(Fuca1-2)Galb1-3GlcNAcb1-2Mana1-6(GalNAca1-3(Fuca1-2)Galb1-3GlcNAcb1-2Mana1-3)Manb1-4GlcNAcb1-4GlcNAcb-Sp20,GalNAc(a1-3)[Fuc(a1-2)]Gal(b1-3)GlcNAc(b1-2)Man(a1-6)[GalNAc(a1-3)[Fuc(a1-2)]Gal(b1-3)GlcNAc(b1-2)Man(a1-3)]Man(b1-4)GlcNAc(b1-4)GlcNAc(b1-Sp20
Gala1-3(Fuca1-2)Galb1-3GlcNAcb1-2Mana1-6(Gala1-3(Fuca1-2)Galb1-3GlcNAcb1-2Mana1-3)Manb1-4GlcNAcb1-4GlcNAcb-Sp20,Gal(a1-3)[Fuc(a1-2)]Gal(b1-3)GlcNAc(b1-2)Man(a1-6)[Gal(a1-3)[Fuc(a1-2)]Gal(b1-3)GlcNAc(b1-2)Man(a1-3)]Man(b1-4)GlcNAc(b1-4)GlcNAc(b1-Sp20
Fuca1-4(Fuca1-2Galb1-3)GlcNAcb1-2Mana1-3(Fuca1-4(Fuca1-2Galb1-3)GlcNAcb1-2Mana1-3)Manb1-4GlcNAcb1-4GlcNAcb-Sp19,Fuc(a1-4)[Fuc(a1-2)Gal(b1-3)]GlcNAc(b1-2)Man(a1-3)[Fuc(a1-4)[Fuc(a1-2)Gal(b1-3)]GlcNAc(b1-2)Man(a1-3)]Man(b1-4)GlcNAc(b1-4)GlcNAc(b1-Sp19
Neu5Aca2-3Galb1-4GlcNAcb1-3GalNAc-Sp14,Neu5Ac(a2-3)Gal(b1-4)GlcNAc(b1-3)GalNAc(b1-Sp14
Neu5Aca2-6Galb1-4GlcNAcb1-3GalNAc-Sp14,Neu5Ac(a2-6)Gal(b1-4)GlcNAc(b1-3)GalNAc(b1-Sp14
Neu5Aca2-3Galb1-4(Fuca1-3)GlcNAcb1-3GalNAca-Sp14,Neu5Ac(a2-3)Gal(b1-4)[Fuc(a1-3)]GlcNAc(b1-3)GalNAc(a1-Sp14
GalNAcb1-4GlcNAcb1-2Mana1-6(GalNAcb1-4GlcNAcb1-2Mana1-3)Manb1-4GlcNAcb1-4GlcNAc-Sp12,GalNAc(b1-4)GlcNAc(b1-2)Man(a1-6)[GalNAc(b1-4)GlcNAc(b1-2)Man(a1-3)]Man(b1-4)GlcNAc(b1-4)GlcNAc(b1-Sp12
Galb1-3GalNAca1-3(Fuca1-2)Galb1-4Glc-Sp0,Gal(b1-3)GalNAc(a1-3)[Fuc(a1-2)]Gal(b1-4)Glc(b1-Sp0
Galb1-3GalNAca1-3(Fuca1-2)Galb1-4GlcNAc-Sp0,Gal(b1-3)GalNAc(a1-3)[Fuc(a1-2)]Gal(b1-4)GlcNAc(b1-Sp0
Galb1-3GlcNAcb1-3Galb1-4GlcNAcb1-6(Galb1-3GlcNAcb1-3)Galb1-4Glcb-Sp0,Gal(b1-3)GlcNAc(b1-3)Gal(b1-4)GlcNAc(b1-6)[Gal(b1-3)GlcNAc(b1-3)]Gal(b1-4)Glc(b1-Sp0
Galb1-4(Fuca1-3)GlcNAcb1-6(Galb1-3GlcNAcb1-3)Galb1-4Glc-Sp21 ,Gal(b1-4)[Fuc(a1-3)]GlcNAc(b1-6)[Gal(b1-3)GlcNAc(b1-3)]Gal(b1-4)Glc(b1-Sp21 
Galb1-4GlcNAcb1-6(Fuca1-4(Fuca1-2Galb1-3)GlcNAcb1-3)Galb1-4Glc-Sp21,Gal(b1-4)GlcNAc(b1-6)[Fuc(a1-4)[Fuc(a1-2)Gal(b1-3)]GlcNAc(b1-3)]Gal(b1-4)Glc(b1-Sp21
Galb1-4(Fuca1-3)GlcNAcb1-6(Fuca1-4(Fuca1-2Galb1-3)GlcNAcb1-3)Galb1-4Glc-Sp21,Gal(b1-4)[Fuc(a1-3)]GlcNAc(b1-6)[Fuc(a1-4)[Fuc(a1-2)Gal(b1-3)]GlcNAc(b1-3)]Gal(b1-4)Glc(b1-Sp21
Galb1-3GlcNAcb1-3Galb1-4(Fuca1-3)GlcNAcb1-6(Galb1-3GlcNAcb1-3)Galb1-4Glc-Sp21 ,Gal(b1-3)GlcNAc(b1-3)Gal(b1-4)[Fuc(a1-3)]GlcNAc(b1-6)[Gal(b1-3)GlcNAc(b1-3)]Gal(b1-4)Glc(b1-Sp21 
Galb1-4GlcNAcb1-6(Galb1-4GlcNAcb1-2)Mana1-6(Galb1-4GlcNAcb1-4(Galb1-4GlcNAcb1-2)Mana1-3)Manb1-4GlcNAcb1-4GlcNAcb-Sp21,Gal(b1-4)GlcNAc(b1-6)[Gal(b1-4)GlcNAc(b1-2)]Man(a1-6)[Gal(b1-4)GlcNAc(b1-4)[Gal(b1-4)GlcNAc(b1-2)]Man(a1-3)]Man(b1-4)GlcNAc(b1-4)GlcNAc(b1-Sp21
GlcNAcb1-2Mana1-6(GlcNAcb1-4(GlcNAcb1-2)Mana1-3)Manb1-4GlcNAcb1-4GlcNAc-Sp21,GlcNAc(b1-2)Man(a1-6)[GlcNAc(b1-4)[GlcNAc(b1-2)]Man(a1-3)]Man(b1-4)GlcNAc(b1-4)GlcNAc(b1-Sp21
Fuca1-2Galb1-3GalNAca1-3(Fuca1-2)Galb1-4Glcb-Sp0,Fuc(a1-2)Gal(b1-3)GalNAc(a1-3)[Fuc(a1-2)]Gal(b1-4)Glc(b1-Sp0
Fuca1-2Galb1-3GalNAca1-3(Fuca1-2)Galb1-4GlcNAcb-Sp0,Fuc(a1-2)Gal(b1-3)GalNAc(a1-3)[Fuc(a1-2)]Gal(b1-4)GlcNAc(b1-Sp0
Galb1-3GlcNAcb1-3GalNAca-Sp14,Gal(b1-3)GlcNAc(b1-3)GalNAc(a1-Sp14
GalNAcb1-4(Neu5Aca2-3)Galb1-4GlcNAcb1-3GalNAca-Sp14,GalNAc(b1-4)[Neu5Ac(a2-3)]Gal(b1-4)GlcNAc(b1-3)GalNAc(a1-Sp14
GalNAca1-3(Fuca1-2)Galb1-3GalNAca1-3(Fuca1-2)Galb1-4GlcNAcb-Sp0,GalNAc(a1-3)[Fuc(a1-2)]Gal(b1-3)GalNAc(a1-3)[Fuc(a1-2)]Gal(b1-4)GlcNAc(b1-Sp0
Gala1-3Galb1-3GlcNAcb1-2Mana1-6(Gala1-3Galb1-3GlcNAcb1-2Mana1-3)Manb1-4GlcNAcb1-4GlcNAc-Sp19,Gal(a1-3)Gal(b1-3)GlcNAc(b1-2)Man(a1-6)[Gal(a1-3)Gal(b1-3)GlcNAc(b1-2)Man(a1-3)]Man(b1-4)GlcNAc(b1-4)GlcNAc(b1-Sp19
Gala1-3Galb1-3(Fuca1-4)GlcNAcb1-2Mana1-6(Gala1-3Galb1-3(Fuca1-4)GlcNAcb1-2Mana1-3)Manb1-4GlcNAcb1-4GlcNAc-Sp19,Gal(a1-3)Gal(b1-3)[Fuc(a1-4)]GlcNAc(b1-2)Man(a1-6)[Gal(a1-3)Gal(b1-3)[Fuc(a1-4)]GlcNAc(b1-2)Man(a1-3)]Man(b1-4)GlcNAc(b1-4)GlcNAc(b1-Sp19
Neu5Aca2-3Galb1-3GlcNAcb1-2Mana1-6(Neu5Aca2-3Galb1-3GlcNAcb1-2Mana1-3)Manb1-4GlcNAcb1-4GlcNAc-Sp19,Neu5Ac(a2-3)Gal(b1-3)GlcNAc(b1-2)Man(a1-6)[Neu5Ac(a2-3)Gal(b1-3)GlcNAc(b1-2)Man(a1-3)]Man(b1-4)GlcNAc(b1-4)GlcNAc(b1-Sp19
GlcNAcb1-2Mana1-6(Galb1-4GlcNAcb1-2Mana1-3)Manb1-4GlcNAcb1-4GlcNAc-Sp12,GlcNAc(b1-2)Man(a1-6)[Gal(b1-4)GlcNAc(b1-2)Man(a1-3)]Man(b1-4)GlcNAc(b1-4)GlcNAc(b1-Sp12
Galb1-4GlcNAcb1-2Mana1-6(GlcNAcb1-2Mana1-3)Manb1-4GlcNAcb1-4GlcNAc-Sp12,Gal(b1-4)GlcNAc(b1-2)Man(a1-6)[GlcNAc(b1-2)Man(a1-3)]Man(b1-4)GlcNAc(b1-4)GlcNAc(b1-Sp12
Neu5Aca2-3Galb1-3GlcNAcb1-3GalNAca-Sp14,Neu5Ac(a2-3)Gal(b1-3)GlcNAc(b1-3)GalNAc(a1-Sp14
Fuca1-2Galb1-4GlcNAcb1-3GalNAca-Sp14,Fuc(a1-2)Gal(b1-4)GlcNAc(b1-3)GalNAc(a1-Sp14
Galb1-4(Fuca1-3)GlcNAcb1-3GalNAca-Sp14,Gal(b1-4)[Fuc(a1-3)]GlcNAc(b1-3)GalNAc(a1-Sp14
GalNAca1-3GalNAcb1-3Gala1-4Galb1-4GlcNAcb-Sp0,GalNAc(a1-3)GalNAc(b1-3)Gal(a1-4)Gal(b1-4)GlcNAc(b1-Sp0
Gala1-4Galb1-3GlcNAcb1-2Mana1-6(Gala1-4Galb1-3GlcNAcb1-2Mana1-3)Manb1-4GlcNAcb1-4GlcNAcb-Sp19,Gal(a1-4)Gal(b1-3)GlcNAc(b1-2)Man(a1-6)[Gal(a1-4)Gal(b1-3)GlcNAc(b1-2)Man(a1-3)]Man(b1-4)GlcNAc(b1-4)GlcNAc(b1-Sp19
Gala1-4Galb1-4GlcNAcb1-2Mana1-6(Gala1-4Galb1-4GlcNAcb1-2Mana1-3)Manb1-4GlcNAcb1-4GlcNAcb-Sp24,Gal(a1-4)Gal(b1-4)GlcNAc(b1-2)Man(a1-6)[Gal(a1-4)Gal(b1-4)GlcNAc(b1-2)Man(a1-3)]Man(b1-4)GlcNAc(b1-4)GlcNAc(b1-Sp24
Gala1-3Galb1-4GlcNAcb1-3GalNAca-Sp14,Gal(a1-3)Gal(b1-4)GlcNAc(b1-3)GalNAc(a1-Sp14
Galb1-3GlcNAcb1-6Galb1-4GlcNAcb-Sp0,Gal(b1-3)GlcNAc(b1-6)Gal(b1-4)GlcNAc(b1-Sp0
Galb1-3GlcNAca1-6Galb1-4GlcNAcb-Sp0,Gal(b1-3)GlcNAc(a1-6)Gal(b1-4)GlcNAc(b1-Sp0
GalNAcb1-3Gala1-6Galb1-4Glcb-Sp8,GalNAc(b1-3)Gal(a1-6)Gal(b1-4)Glc(b1-Sp8
Gala1-3(Fuca1-2)Galb1-4(Fuca1-3)Glcb-Sp21,Gal(a1-3)[Fuc(a1-2)]Gal(b1-4)[Fuc(a1-3)]Glc(b1-Sp21
Galb1-4GlcNAcb1-6(Neu5Aca2-6Galb1-3GlcNAcb1-3)Galb1-4Glc-Sp21,Gal(b1-4)GlcNAc(b1-6)[Neu5Ac(a2-6)Gal(b1-3)GlcNAc(b1-3)]Gal(b1-4)Glc(b1-Sp21
Galb1-3GalNAcb1-4(Neu5Aca2-8Neu5Aca2-3)Galb1-4Glcb-Sp0,Gal(b1-3)GalNAc(b1-4)[Neu5Ac(a2-8)Neu5Ac(a2-3)]Gal(b1-4)Glc(b1-Sp0
Neu5Aca2-3Galb1-3GalNAcb1-4(Neu5Aca2-8Neu5Aca2-3)Galb1-4Glcb-Sp0,Neu5Ac(a2-3)Gal(b1-3)GalNAc(b1-4)[Neu5Ac(a2-8)Neu5Ac(a2-3)]Gal(b1-4)Glc(b1-Sp0
Gala1-3(Fuca1-2)Galb1-4GlcNAcb1-3GalNAca-Sp14,Gal(a1-3)[Fuc(a1-2)]Gal(b1-4)GlcNAc(b1-3)GalNAc(a1-Sp14
GalNAca1-3(Fuca1-2)Galb1-4GlcNAcb1-3GalNAca-Sp14,GalNAc(a1-3)[Fuc(a1-2)]Gal(b1-4)GlcNAc(b1-3)GalNAc(a1-Sp14
GalNAca1-3GalNAcb1-3Gala1-4Galb1-4Glcb-Sp0,GalNAc(a1-3)GalNAc(b1-3)Gal(a1-4)Gal(b1-4)Glc(b1-Sp0
Fuca1-2Galb1-4(Fuca1-3)GlcNAcb1-3GalNAca-Sp14,Fuc(a1-2)Gal(b1-4)[Fuc(a1-3)]GlcNAc(b1-3)GalNAc(a1-Sp14
Gala1-3(Fuca1-2)Galb1-4(Fuca1-3)GlcNAcb1-3GalNAc-Sp14,Gal(a1-3)[Fuc(a1-2)]Gal(b1-4)[Fuc(a1-3)]GlcNAc(b1-3)GalNAc(b1-Sp14
GalNAca1-3(Fuca1-2)Galb1-4(Fuca1-3)GlcNAcb1-3GalNAc-Sp14,GalNAc(a1-3)[Fuc(a1-2)]Gal(b1-4)[Fuc(a1-3)]GlcNAc(b1-3)GalNAc(b1-Sp14
Galb1-4(Fuca1-3)GlcNAcb1-2Mana1-6(Galb1-4(Fuca1-3)GlcNAcb1-2Mana1-3)Manb1-4GlcNAcb1-4(Fuca1-6)GlcNAcb-Sp22,Gal(b1-4)[Fuc(a1-3)]GlcNAc(b1-2)Man(a1-6)[Gal(b1-4)[Fuc(a1-3)]GlcNAc(b1-2)Man(a1-3)]Man(b1-4)GlcNAc(b1-4)[Fuc(a1-6)]GlcNAc(b1-Sp22
Fuca1-2Galb1-4GlcNAcb1-2Mana1-6(Fuca1-2Galb1-4GlcNAcb1-2Mana1-3)Manb1-4GlcNAcb1-4(Fuca1-6)GlcNAcb-Sp22,Fuc(a1-2)Gal(b1-4)GlcNAc(b1-2)Man(a1-6)[Fuc(a1-2)Gal(b1-4)GlcNAc(b1-2)Man(a1-3)]Man(b1-4)GlcNAc(b1-4)[Fuc(a1-6)]GlcNAc(b1-Sp22
GlcNAcb1-2(GlcNAcb1-6)Mana1-6(GlcNAcb1-2Mana1-3)Manb1-4GlcNAcb1-4GlcNAcb-Sp19,GlcNAc(b1-2)[GlcNAc(b1-6)]Man(a1-6)[GlcNAc(b1-2)Man(a1-3)]Man(b1-4)GlcNAc(b1-4)GlcNAc(b1-Sp19
Fuca1-2Galb1-3GlcNAcb1-3GalNAc-Sp14,Fuc(a1-2)Gal(b1-3)GlcNAc(b1-3)GalNAc(b1-Sp14
Gala1-3(Fuca1-2)Galb1-3GlcNAcb1-3GalNAc-Sp14,Gal(a1-3)[Fuc(a1-2)]Gal(b1-3)GlcNAc(b1-3)GalNAc(b1-Sp14
GalNAca1-3(Fuca1-2)Galb1-3GlcNAcb1-3GalNAc-Sp14,GalNAc(a1-3)[Fuc(a1-2)]Gal(b1-3)GlcNAc(b1-3)GalNAc(b1-Sp14
Gala1-3Galb1-3GlcNAcb1-3GalNAc-Sp14,Gal(a1-3)Gal(b1-3)GlcNAc(b1-3)GalNAc(b1-Sp14
Fuca1-2Galb1-3GlcNAcb1-2Mana1-6(Fuca1-2Galb1-3GlcNAcb1-2Mana1-3)Manb1-4GlcNAcb1-4(Fuca1-6)GlcNAcb-Sp22,Fuc(a1-2)Gal(b1-3)GlcNAc(b1-2)Man(a1-6)[Fuc(a1-2)Gal(b1-3)GlcNAc(b1-2)Man(a1-3)]Man(b1-4)GlcNAc(b1-4)[Fuc(a1-6)]GlcNAc(b1-Sp22
Gala1-3(Fuca1-2)Galb1-4GlcNAcb1-2Mana1-6(Gala1-3(Fuca1-2)Galb1-4GlcNAcb1-2Mana1-3)Manb1-4GlcNAcb1-4(Fuca1-6)GlcNAcb-Sp22,Gal(a1-3)[Fuc(a1-2)]Gal(b1-4)GlcNAc(b1-2)Man(a1-6)[Gal(a1-3)[Fuc(a1-2)]Gal(b1-4)GlcNAc(b1-2)Man(a1-3)]Man(b1-4)GlcNAc(b1-4)[Fuc(a1-6)]GlcNAc(b1-Sp22
Galb1-3GlcNAcb1-6(Galb1-3GlcNAcb1-2)Mana1-6(Galb1-3GlcNAcb1-2Mana1-3)Manb1-4GlcNAcb1-4GlcNAcb-Sp19,Gal(b1-3)GlcNAc(b1-6)[Gal(b1-3)GlcNAc(b1-2)]Man(a1-6)[Gal(b1-3)GlcNAc(b1-2)Man(a1-3)]Man(b1-4)GlcNAc(b1-4)GlcNAc(b1-Sp19
Galb1-4GlcNAcb1-6(Fuca1-2Galb1-3GlcNAcb1-3)Galb1-4Glc-Sp21,Gal(b1-4)GlcNAc(b1-6)[Fuc(a1-2)Gal(b1-3)GlcNAc(b1-3)]Gal(b1-4)Glc(b1-Sp21
Fuca1-3GlcNAcb1-6(Galb1-4GlcNAcb1-3)Galb1-4Glc-Sp21,Fuc(a1-3)GlcNAc(b1-6)[Gal(b1-4)GlcNAc(b1-3)]Gal(b1-4)Glc(b1-Sp21
GlcNAcb1-2Mana1-6(GlcNAcb1-4)(GlcNAcb1-2Mana1-3)Manb1-4GlcNAcb1-4GlcNAc-Sp21,GlcNAc(b1-2)Man(a1-6)[GlcNAc(b1-4)][GlcNAc(b1-2)Man(a1-3)]Man(b1-4)GlcNAc(b1-4)GlcNAc(b1-Sp21
GlcNAcb1-2Mana1-6(GlcNAcb1-4)(GlcNAcb1-4(GlcNAcb1-2)Mana1-3)Manb1-4GlcNAcb1-4GlcNAc-Sp21,GlcNAc(b1-2)Man(a1-6)[GlcNAc(b1-4)][GlcNAc(b1-4)[GlcNAc(b1-2)]Man(a1-3)]Man(b1-4)GlcNAc(b1-4)GlcNAc(b1-Sp21
GlcNAcb1-6(GlcNAcb1-2)Mana1-6(GlcNAcb1-4)(GlcNAcb1-2Mana1-3)Manb1-4GlcNAcb1-4GlcNAc-Sp21,GlcNAc(b1-6)[GlcNAc(b1-2)]Man(a1-6)[GlcNAc(b1-4)][GlcNAc(b1-2)Man(a1-3)]Man(b1-4)GlcNAc(b1-4)GlcNAc(b1-Sp21
GlcNAcb1-6(GlcNAcb1-2)Mana1-6(GlcNAcb1-4)(GlcNAcb1-4(GlcNAcb1-2)Mana1-3)Manb1-4GlcNAcb1-4GlcNAc-Sp21,GlcNAc(b1-6)[GlcNAc(b1-2)]Man(a1-6)[GlcNAc(b1-4)][GlcNAc(b1-4)[GlcNAc(b1-2)]Man(a1-3)]Man(b1-4)GlcNAc(b1-4)GlcNAc(b1-Sp21
Galb1-4GlcNAcb1-2Mana1-6(GlcNAcb1-4)(Galb1-4GlcNAcb1-2Mana1-3)Manb1-4GlcNAcb1-4GlcNAc-Sp21,Gal(b1-4)GlcNAc(b1-2)Man(a1-6)[GlcNAc(b1-4)][Gal(b1-4)GlcNAc(b1-2)Man(a1-3)]Man(b1-4)GlcNAc(b1-4)GlcNAc(b1-Sp21
Galb1-4GlcNAcb1-2Mana1-6(GlcNAcb1-4)(Galb1-4GlcNAcb1-4(Galb1-4GlcNAcb1-2)Mana1-3)Manb1-4GlcNAcb1-4GlcNAc-Sp21,Gal(b1-4)GlcNAc(b1-2)Man(a1-6)[GlcNAc(b1-4)][Gal(b1-4)GlcNAc(b1-4)[Gal(b1-4)GlcNAc(b1-2)]Man(a1-3)]Man(b1-4)GlcNAc(b1-4)GlcNAc(b1-Sp21
Galb1-4GlcNAcb1-6(Galb1-4GlcNAcb1-2)Mana1-6(GlcNAcb1-4)(Galb1-4GlcNAcb1-2Mana1-3)Manb1-4GlcNAcb1-4GlcNAc-Sp21,Gal(b1-4)GlcNAc(b1-6)[Gal(b1-4)GlcNAc(b1-2)]Man(a1-6)[GlcNAc(b1-4)][Gal(b1-4)GlcNAc(b1-2)Man(a1-3)]Man(b1-4)GlcNAc(b1-4)GlcNAc(b1-Sp21
Galb1-4GlcNAcb1-6(Galb1-4GlcNAcb1-2)Mana1-6(GlcNAcb1-4)(Galb1-4GlcNAcb1-4(Galb1-4GlcNAcb1-2)Mana1-3)Manb1-4GlcNAcb1-4GlcNAc-Sp21,Gal(b1-4)GlcNAc(b1-6)[Gal(b1-4)GlcNAc(b1-2)]Man(a1-6)[GlcNAc(b1-4)][Gal(b1-4)GlcNAc(b1-4)[Gal(b1-4)GlcNAc(b1-2)]Man(a1-3)]Man(b1-4)GlcNAc(b1-4)GlcNAc(b1-Sp21
Galb1-4Galb-Sp10,Gal(b1-4)Gal(b1-Sp10
Galb1-6Galb-Sp10,Gal(b1-6)Gal(b1-Sp10
Neu5Aca2-3Galb1-4GlcNAcb1-3Galb-Sp8,Neu5Ac(a2-3)Gal(b1-4)GlcNAc(b1-3)Gal(b1-Sp8
GalNAcb1-6GalNAcb-Sp8,GalNAc(b1-6)GalNAc(b1-Sp8
(6S)Galb1-3GlcNAcb-Sp0,(6S)Gal(b1-3)GlcNAc(b1-Sp0
(6S)Galb1-3(6S)GlcNAc-Sp0,(6S)Gal(b1-3)(6S)GlcNAc(1-Sp0
Fuca1-2Galb1-4 GlcNAcb1-2Mana1-6(Fuca1-2Galb1-4GlcNAcb1-2(Fuca1-2Galb1-4GlcNAcb1-4)Mana1-3)Manb1-4GlcNAcb1-4GlcNAcb-Sp12,Fuc(a1-2)Gal(b1-4) GlcNAc(b1-2)Man(a1-6)[Fuc(a1-2)Gal(b1-4)GlcNAc(b1-2)[Fuc(a1-2)Gal(b1-4)GlcNAc(b1-4)]Man(a1-3)]Man(b1-4)GlcNAc(b1-4)GlcNAc(b1-Sp12
Fuca1-2Galb1-4(Fuca1-3)GlcNAcb1-2Mana1-6(Fuca1-2Galb1-4(Fuca1-3)GlcNAcb1-4(Fuca1-2Galb1-4(Fuca1-3)GlcNAcb1-2)Mana1-3)Manb1-4GlcNAcb1-4GlcNAcb-Sp12,Fuc(a1-2)Gal(b1-4)[Fuc(a1-3)]GlcNAc(b1-2)Man(a1-6)[Fuc(a1-2)Gal(b1-4)[Fuc(a1-3)]GlcNAc(b1-4)[Fuc(a1-2)Gal(b1-4)[Fuc(a1-3)]GlcNAc(b1-2)]Man(a1-3)]Man(b1-4)GlcNAc(b1-4)GlcNAc(b1-Sp12
Galb1-4(Fuca1-3)GlcNAcb1-6GalNAc-Sp14,Gal(b1-4)[Fuc(a1-3)]GlcNAc(b1-6)GalNAc(b1-Sp14
Galb1-4GlcNAcb1-2Mana-Sp0,Gal(b1-4)GlcNAc(b1-2)Man(a1-Sp0
Fuca1-2Galb1-4GlcNAcb1-6(Fuca1-2Galb1-4GlcNAcb1-3)GalNAc-Sp14,Fuc(a1-2)Gal(b1-4)GlcNAc(b1-6)[Fuc(a1-2)Gal(b1-4)GlcNAc(b1-3)]GalNAc(b1-Sp14
Gala1-3(Fuca1-2)Galb1-4GlcNAcb1-6(Gala1-3(Fuca1-2)Galb1-4GlcNAcb1-3)GalNAc-Sp14,Gal(a1-3)[Fuc(a1-2)]Gal(b1-4)GlcNAc(b1-6)[Gal(a1-3)[Fuc(a1-2)]Gal(b1-4)GlcNAc(b1-3)]GalNAc(b1-Sp14
GalNAca1-3(Fuca1-2)Galb1-4GlcNAcb1-6(GalNAca1-3(Fuca1-2)Galb1-4GlcNAcb1-3)GalNAc-Sp14,GalNAc(a1-3)[Fuc(a1-2)]Gal(b1-4)GlcNAc(b1-6)[GalNAc(a1-3)[Fuc(a1-2)]Gal(b1-4)GlcNAc(b1-3)]GalNAc(b1-Sp14
Neu5Aca2-8Neu5Aca2-3Galb1-3GalNAcb1-4(Neu5Aca2-8Neu5Aca2-3)Galb1-4Glcb-Sp0,Neu5Ac(a2-8)Neu5Ac(a2-3)Gal(b1-3)GalNAc(b1-4)[Neu5Ac(a2-8)Neu5Ac(a2-3)]Gal(b1-4)Glc(b1-Sp0
GalNAcb1-4Galb1-4Glcb-Sp0,GalNAc(b1-4)Gal(b1-4)Glc(b1-Sp0
GalNAca1-3(Fuca1-2)Galb1-4GlcNAcb1-2Mana1-6(GalNAca1-3(Fuca1-2)Galb1-4GlcNAcb1-2Mana1-3)Manb1-4GlcNAcb1-4(Fuca1-6)GlcNAcb-Sp22,GalNAc(a1-3)[Fuc(a1-2)]Gal(b1-4)GlcNAc(b1-2)Man(a1-6)[GalNAc(a1-3)[Fuc(a1-2)]Gal(b1-4)GlcNAc(b1-2)Man(a1-3)]Man(b1-4)GlcNAc(b1-4)[Fuc(a1-6)]GlcNAc(b1-Sp22
Gala1-3(Fuca1-2)Galb1-3GlcNAcb1-2Mana1-6(Gala1-3(Fuca1-2)Galb1-3GlcNAcb1-2Mana1-3)Manb1-4GlcNAcb1-4(Fuca1-6)GlcNAcb-Sp22,Gal(a1-3)[Fuc(a1-2)]Gal(b1-3)GlcNAc(b1-2)Man(a1-6)[Gal(a1-3)[Fuc(a1-2)]Gal(b1-3)GlcNAc(b1-2)Man(a1-3)]Man(b1-4)GlcNAc(b1-4)[Fuc(a1-6)]GlcNAc(b1-Sp22
Neu5Aca2-6Galb1-4GlcNAcb1-6(Fuca1-2Galb1-3GlcNAcb1-3)Galb1-4Glc-Sp21,Neu5Ac(a2-6)Gal(b1-4)GlcNAc(b1-6)[Fuc(a1-2)Gal(b1-3)GlcNAc(b1-3)]Gal(b1-4)Glc(b1-Sp21
GalNAca1-3(Fuca1-2)Galb1-3GlcNAcb1-2Mana1-6(GalNAca1-3(Fuca1-2)Galb1-3GlcNAcb1-2Mana1-3)Manb1-4GlcNAcb1-4(Fuca1-6)GlcNAcb-Sp22,GalNAc(a1-3)[Fuc(a1-2)]Gal(b1-3)GlcNAc(b1-2)Man(a1-6)[GalNAc(a1-3)[Fuc(a1-2)]Gal(b1-3)GlcNAc(b1-2)Man(a1-3)]Man(b1-4)GlcNAc(b1-4)[Fuc(a1-6)]GlcNAc(b1-Sp22
Galb1-4GlcNAcb1-6(Galb1-4GlcNAcb1-2)Mana1-6(Galb1-4GlcNAcb1-2Mana1-3)Manb1-4GlcNAcb1-4GlcNAcb-Sp19,Gal(b1-4)GlcNAc(b1-6)[Gal(b1-4)GlcNAc(b1-2)]Man(a1-6)[Gal(b1-4)GlcNAc(b1-2)Man(a1-3)]Man(b1-4)GlcNAc(b1-4)GlcNAc(b1-Sp19
Neu5Aca2-3Galb1-4GlcNAcb1-2Mana1-6(GlcNAcb1-4)(Neu5Aca2-3Galb1-4GlcNAcb1-2Mana1-3)Manb1-4GlcNAcb1-4GlcNAcb-Sp21,Neu5Ac(a2-3)Gal(b1-4)GlcNAc(b1-2)Man(a1-6)[GlcNAc(b1-4)][Neu5Ac(a2-3)Gal(b1-4)GlcNAc(b1-2)Man(a1-3)]Man(b1-4)GlcNAc(b1-4)GlcNAc(b1-Sp21
Neu5Aca2-3Galb1-4GlcNAcb1-4Mana1-6(GlcNAcb1-4)(Neu5Aca2-3Galb1-4GlcNAcb1-4(Neu5Aca2-3Galb1-4GlcNAcb1-2)Mana1-3)Manb1-4GlcNAcb1-4GlcNAcb-Sp21,Neu5Ac(a2-3)Gal(b1-4)GlcNAc(b1-4)Man(a1-6)[GlcNAc(b1-4)][Neu5Ac(a2-3)Gal(b1-4)GlcNAc(b1-4)[Neu5Ac(a2-3)Gal(b1-4)GlcNAc(b1-2)]Man(a1-3)]Man(b1-4)GlcNAc(b1-4)GlcNAc(b1-Sp21
Neu5Aca2-3Galb1-4GlcNAcb1-6(Neu5Aca2-3Galb1-4GlcNAcb1-2)Mana1-6(GlcNAcb1-4)(Neu5Aca2-3Galb1-4GlcNAcb1-2Mana1-3)Manb1-4GlcNAcb1-4GlcNAcb-Sp21,Neu5Ac(a2-3)Gal(b1-4)GlcNAc(b1-6)[Neu5Ac(a2-3)Gal(b1-4)GlcNAc(b1-2)]Man(a1-6)[GlcNAc(b1-4)][Neu5Ac(a2-3)Gal(b1-4)GlcNAc(b1-2)Man(a1-3)]Man(b1-4)GlcNAc(b1-4)GlcNAc(b1-Sp21
Neu5Aca2-3Galb1-4GlcNAcb1-6(Neu5Aca2-3Galb1-4GlcNAcb1-2)Mana1-6(GlcNAcb1-4)(Neu5Aca2-3Galb1-4GlcNAcb1-4(Neu5Aca2-3Galb1-4GlcNAcb1-2)Mana1-3)Manb1-4GlcNAcb1-4GlcNAcb-Sp21,Neu5Ac(a2-3)Gal(b1-4)GlcNAc(b1-6)[Neu5Ac(a2-3)Gal(b1-4)GlcNAc(b1-2)]Man(a1-6)[GlcNAc(b1-4)][Neu5Ac(a2-3)Gal(b1-4)GlcNAc(b1-4)[Neu5Ac(a2-3)Gal(b1-4)GlcNAc(b1-2)]Man(a1-3)]Man(b1-4)GlcNAc(b1-4)GlcNAc(b1-Sp21
Neu5Aca2-6Galb1-4GlcNAcb1-2Mana1-6(GlcNAcb1-4)(Neu5Aca2-6Galb1-4GlcNAcb1-2Mana1-3)Manb1-4GlcNAcb1-4GlcNAcb-Sp21,Neu5Ac(a2-6)Gal(b1-4)GlcNAc(b1-2)Man(a1-6)[GlcNAc(b1-4)][Neu5Ac(a2-6)Gal(b1-4)GlcNAc(b1-2)Man(a1-3)]Man(b1-4)GlcNAc(b1-4)GlcNAc(b1-Sp21
Neu5Aca2-6Galb1-4GlcNAcb1-4Mana1-6(GlcNAcb1-4)(Neu5Aca2-6Galb1-4GlcNAcb1-4(Neu5Aca2-6Galb1-4GlcNAcb1-2)Mana1-3)Manb1-4GlcNAcb1-4GlcNAcb-Sp21,Neu5Ac(a2-6)Gal(b1-4)GlcNAc(b1-4)Man(a1-6)[GlcNAc(b1-4)][Neu5Ac(a2-6)Gal(b1-4)GlcNAc(b1-4)[Neu5Ac(a2-6)Gal(b1-4)GlcNAc(b1-2)]Man(a1-3)]Man(b1-4)GlcNAc(b1-4)GlcNAc(b1-Sp21
Neu5Aca2-6Galb1-4GlcNAcb1-6(Neu5Aca2-6Galb1-4GlcNAcb1-2)Mana1-6(GlcNAcb1-4)(Neu5Aca2-6Galb1-4GlcNAcb1-2Mana1-3)Manb1-4GlcNAcb1-4GlcNAcb-Sp21,Neu5Ac(a2-6)Gal(b1-4)GlcNAc(b1-6)[Neu5Ac(a2-6)Gal(b1-4)GlcNAc(b1-2)]Man(a1-6)[GlcNAc(b1-4)][Neu5Ac(a2-6)Gal(b1-4)GlcNAc(b1-2)Man(a1-3)]Man(b1-4)GlcNAc(b1-4)GlcNAc(b1-Sp21
Neu5Aca2-6Galb1-4GlcNAcb1-6(Neu5Aca2-6Galb1-4GlcNAcb1-2)Mana1-6(GlcNAcb1-4)(Neu5Aca2-6Galb1-4GlcNAcb1-4(Neu5Aca2-6Galb1-4GlcNAcb1-2)Mana1-3)Manb1-4GlcNAcb1-4GlcNAcb-Sp21,Neu5Ac(a2-6)Gal(b1-4)GlcNAc(b1-6)[Neu5Ac(a2-6)Gal(b1-4)GlcNAc(b1-2)]Man(a1-6)[GlcNAc(b1-4)][Neu5Ac(a2-6)Gal(b1-4)GlcNAc(b1-4)[Neu5Ac(a2-6)Gal(b1-4)GlcNAc(b1-2)]Man(a1-3)]Man(b1-4)GlcNAc(b1-4)GlcNAc(b1-Sp21
Gala1-3(Fuca1-2)Galb1-3GalNAca-Sp8,Gal(a1-3)[Fuc(a1-2)]Gal(b1-3)GalNAc(a1-Sp8
Gala1-3(Fuca1-2)Galb1-3GalNAcb-Sp8,Gal(a1-3)[Fuc(a1-2)]Gal(b1-3)GalNAc(b1-Sp8
Glca1-6Glca1-6Glca1-6Glcb-Sp10,Glc(a1-6)Glc(a1-6)Glc(a1-6)Glc(b1-Sp10
Glca1-4Glca1-4Glca1-4Glcb-Sp10,Glc(a1-4)Glc(a1-4)Glc(a1-4)Glc(b1-Sp10
Neu5Aca2-3Galb1-4GlcNAcb1-6(Neu5Aca2-3Galb1-4GlcNAcb1-3)GalNAca-Sp14,Neu5Ac(a2-3)Gal(b1-4)GlcNAc(b1-6)[Neu5Ac(a2-3)Gal(b1-4)GlcNAc(b1-3)]GalNAc(a1-Sp14
Fuca1-2Galb1-4(Fuca1-3)GlcNAcb1-2Mana1-6(Fuca1-2Galb1-4(Fuca1-3)GlcNAcb1-2Mana1-3)Manb1-4GlcNAcb1-4(Fuca1-6)GlcNAcb-Sp24,Fuc(a1-2)Gal(b1-4)[Fuc(a1-3)]GlcNAc(b1-2)Man(a1-6)[Fuc(a1-2)Gal(b1-4)[Fuc(a1-3)]GlcNAc(b1-2)Man(a1-3)]Man(b1-4)GlcNAc(b1-4)[Fuc(a1-6)]GlcNAc(b1-Sp24
Fuca1-2Galb1-3(Fuca1-4)GlcNAcb1-2Mana1-6(Fuca1-2Galb1-3(Fuca1-4)GlcNAcb1-2Mana1-3)Manb1-4GlcNAcb1-4(Fuca1-6)GlcNAcb1-4(Fuca1-6)GlcNAcb-Sp19,Fuc(a1-2)Gal(b1-3)[Fuc(a1-4)]GlcNAc(b1-2)Man(a1-6)[Fuc(a1-2)Gal(b1-3)[Fuc(a1-4)]GlcNAc(b1-2)Man(a1-3)]Man(b1-4)GlcNAc(b1-4)[Fuc(a1-6)]GlcNAc(b1-4)[Fuc(a1-6)]GlcNAc(b1-Sp19
Neu5Aca2-3Galb1-3GlcNAcb1-6(Neu5Aca2-3Galb1-3GlcNAcb1-2)Mana1-6(Neu5Aca2-3Galb1-3GlcNAcb1-2Mana1-3)Manb1-4GlcNAcb1-4GlcNAcb-Sp19,Neu5Ac(a2-3)Gal(b1-3)GlcNAc(b1-6)[Neu5Ac(a2-3)Gal(b1-3)GlcNAc(b1-2)]Man(a1-6)[Neu5Ac(a2-3)Gal(b1-3)GlcNAc(b1-2)Man(a1-3)]Man(b1-4)GlcNAc(b1-4)GlcNAc(b1-Sp19
GlcNAcb1-6(GlcNAcb1-2)Mana1-6(GlcNAcb1-2Mana1-3)Manb1-4GlcNAcb1-4(Fuca1-6)GlcNAcb-Sp24,GlcNAc(b1-6)[GlcNAc(b1-2)]Man(a1-6)[GlcNAc(b1-2)Man(a1-3)]Man(b1-4)GlcNAc(b1-4)[Fuc(a1-6)]GlcNAc(b1-Sp24
Galb1-3GlcNAcb1-2Mana1-6(GlcNAcb1-4)(Galb1-3GlcNAcb1-2Mana1-3)Manb1-4GlcNAcb1-4GlcNAcb-Sp21,Gal(b1-3)GlcNAc(b1-2)Man(a1-6)[GlcNAc(b1-4)][Gal(b1-3)GlcNAc(b1-2)Man(a1-3)]Man(b1-4)GlcNAc(b1-4)GlcNAc(b1-Sp21
Neu5Aca2-6Galb1-4GlcNAcb1-6(Galb1-3GlcNAcb1-3)Galb1-4Glcb-Sp21,Neu5Ac(a2-6)Gal(b1-4)GlcNAc(b1-6)[Gal(b1-3)GlcNAc(b1-3)]Gal(b1-4)Glc(b1-Sp21
Neu5Aca2-3Galb1-4GlcNAcb1-2Mana-Sp0,Neu5Ac(a2-3)Gal(b1-4)GlcNAc(b1-2)Man(a1-Sp0
Neu5Aca2-3Galb1-4GlcNAcb1-6GalNAca-Sp14,Neu5Ac(a2-3)Gal(b1-4)GlcNAc(b1-6)GalNAc(a1-Sp14
Neu5Aca2-6Galb1-4GlcNAcb1-6GalNAca-Sp14,Neu5Ac(a2-6)Gal(b1-4)GlcNAc(b1-6)GalNAc(a1-Sp14
Neu5Aca2-6Galb1-4 GlcNAcb1-6(Neu5Aca2-6Galb1-4GlcNAcb1-3)GalNAca-Sp14,Neu5Ac(a2-6)Gal(b1-4) GlcNAc(b1-6)[Neu5Ac(a2-6)Gal(b1-4)GlcNAc(b1-3)]GalNAc(a1-Sp14
Neu5Aca2-6Galb1-4GlcNAcb1-2Mana1-6(Neu5Aca2-6Galb1-4GlcNAcb1-2Mana1-3)Manb1-4GlcNAcb1-4(Fuca1-6)GlcNAcb-Sp24,Neu5Ac(a2-6)Gal(b1-4)GlcNAc(b1-2)Man(a1-6)[Neu5Ac(a2-6)Gal(b1-4)GlcNAc(b1-2)Man(a1-3)]Man(b1-4)GlcNAc(b1-4)[Fuc(a1-6)]GlcNAc(b1-Sp24
Neu5Aca2-3Galb1-4GlcNAcb1-2Mana1-6(Neu5Aca2-3Galb1-4GlcNAcb1-2Mana1-3)Manb1-4GlcNAcb1-4(Fuca1-6)GlcNAcb-Sp24,Neu5Ac(a2-3)Gal(b1-4)GlcNAc(b1-2)Man(a1-6)[Neu5Ac(a2-3)Gal(b1-4)GlcNAc(b1-2)Man(a1-3)]Man(b1-4)GlcNAc(b1-4)[Fuc(a1-6)]GlcNAc(b1-Sp24
Mana1-6(Mana1-3)Manb1-4GlcNAcb1-4(Fuca1-6)GlcNAcb-Sp19,Man(a1-6)[Man(a1-3)]Man(b1-4)GlcNAc(b1-4)[Fuc(a1-6)]GlcNAc(b1-Sp19
Galb1-4GlcNAcb1-6(Galb1-4GlcNAcb1-2)Mana1-6(Galb1-4GlcNAcb1-2Mana1-3)Manb1-4GlcNAcb1-4(Fuca1-6)GlcNAcb-Sp24,Gal(b1-4)GlcNAc(b1-6)[Gal(b1-4)GlcNAc(b1-2)]Man(a1-6)[Gal(b1-4)GlcNAc(b1-2)Man(a1-3)]Man(b1-4)GlcNAc(b1-4)[Fuc(a1-6)]GlcNAc(b1-Sp24
Neu5Aca2-3Galb1-3GlcNAcb1-2Mana1-6(GlcNAcb1-4)(Neu5Aca2-3Galb1-3GlcNAcb1-2Mana1-3)Manb1-4GlcNAcb1-4GlcNAc-Sp21,Neu5Ac(a2-3)Gal(b1-3)GlcNAc(b1-2)Man(a1-6)[GlcNAc(b1-4)][Neu5Ac(a2-3)Gal(b1-3)GlcNAc(b1-2)Man(a1-3)]Man(b1-4)GlcNAc(b1-4)GlcNAc(b1-Sp21
Neu5Aca2-6Galb1-4GlcNAcb1-6(Fuca1-2Galb1-4(Fuca1-3)GlcNAcb1-3)Galb1-4Glc-Sp21,Neu5Ac(a2-6)Gal(b1-4)GlcNAc(b1-6)[Fuc(a1-2)Gal(b1-4)[Fuc(a1-3)]GlcNAc(b1-3)]Gal(b1-4)Glc(b1-Sp21
Galb1-3GlcNAcb1-6GalNAca-Sp14,Gal(b1-3)GlcNAc(b1-6)GalNAc(a1-Sp14
Gala1-3Galb1-3GlcNAcb1-6GalNAca-Sp14,Gal(a1-3)Gal(b1-3)GlcNAc(b1-6)GalNAc(a1-Sp14
Galb1-3(Fuca1-4)GlcNAcb1-6GalNAca-Sp14,Gal(b1-3)[Fuc(a1-4)]GlcNAc(b1-6)GalNAc(a1-Sp14
Neu5Aca2-3Galb1-3GlcNAcb1-6GalNAca-Sp14,Neu5Ac(a2-3)Gal(b1-3)GlcNAc(b1-6)GalNAc(a1-Sp14
(3S)Galb1-3(Fuca1-4)GlcNAcb-Sp0,(3S)Gal(b1-3)[Fuc(a1-4)]GlcNAc(b1-Sp0
Galb1-4(Fuca1-3)GlcNAcb1-6(Neu5Aca2-6(Neu5Aca2-3Galb1-3)GlcNAcb1-3)Galb1-4Glc-Sp21,Gal(b1-4)[Fuc(a1-3)]GlcNAc(b1-6)[Neu5Ac(a2-6)[Neu5Ac(a2-3)Gal(b1-3)]GlcNAc(b1-3)]Gal(b1-4)Glc(b1-Sp21
Fuca1-2Galb1-4GlcNAcb1-6GalNAca-Sp14,Fuc(a1-2)Gal(b1-4)GlcNAc(b1-6)GalNAc(a1-Sp14
Gala1-3Galb1-4GlcNAcb1-6GalNAca-Sp14,Gal(a1-3)Gal(b1-4)GlcNAc(b1-6)GalNAc(a1-Sp14
Galb1-4(Fuca1-3)GlcNAcb1-2Mana-Sp0,Gal(b1-4)[Fuc(a1-3)]GlcNAc(b1-2)Man(a1-Sp0
Fuca1-2(6S)Galb1-3GlcNAcb-Sp0,Fuc(a1-2)(6S)Gal(b1-3)GlcNAc(b1-Sp0
Gala1-3(Fuca1-2)Galb1-4GlcNAcb1-6GalNAca-Sp14,Gal(a1-3)[Fuc(a1-2)]Gal(b1-4)GlcNAc(b1-6)GalNAc(a1-Sp14
Fuca1-2Galb1-4GlcNAcb1-2Mana-Sp0,Fuc(a1-2)Gal(b1-4)GlcNAc(b1-2)Man(a1-Sp0
Fuca1-2Galb1-3(6S)GlcNAcb-Sp0,Fuc(a1-2)Gal(b1-3)(6S)GlcNAc(b1-Sp0
Fuca1-2(6S)Galb1-3(6S)GlcNAcb-Sp0,Fuc(a1-2)(6S)Gal(b1-3)(6S)GlcNAc(b1-Sp0
Neu5Aca2-6GalNAcb1-4(6S)GlcNAcb-Sp8,Neu5Ac(a2-6)GalNAc(b1-4)(6S)GlcNAc(b1-Sp8
GalNAcb1-4(Fuca1-3)(6S)GlcNAcb-Sp8,GalNAc(b1-4)[Fuc(a1-3)](6S)GlcNAc(b1-Sp8
(3S)GalNAcb1-4(Fuca1-3)GlcNAcb-Sp8,(3S)GalNAc(b1-4)[Fuc(a1-3)]GlcNAc(b1-Sp8
Fuca1-2Galb1-3GlcNAcb1-6(Fuca1-2Galb1-3GlcNAcb1-3)GalNAca-Sp14,Fuc(a1-2)Gal(b1-3)GlcNAc(b1-6)[Fuc(a1-2)Gal(b1-3)GlcNAc(b1-3)]GalNAc(a1-Sp14
GalNAca1-3(Fuca1-2)Galb1-3GlcNAcb1-6GalNAca-Sp14,GalNAc(a1-3)[Fuc(a1-2)]Gal(b1-3)GlcNAc(b1-6)GalNAc(a1-Sp14
GlcNAcb1-6(GlcNAcb1-2)Mana1-6(GlcNAcb1-4)(GlcNAcb1-4(GlcNAcb1-2)Mana1-3)Manb1-4GlcNAcb1-4(Fuca1-6)GlcNAc-Sp21,GlcNAc(b1-6)[GlcNAc(b1-2)]Man(a1-6)[GlcNAc(b1-4)][GlcNAc(b1-4)[GlcNAc(b1-2)]Man(a1-3)]Man(b1-4)GlcNAc(b1-4)[Fuc(a1-6)]GlcNAc(b1-Sp21
Galb1-4GlcNAcb1-6(Galb1-4GlcNAcb1-2)Mana1-6(GlcNAcb1-4)Galb1-4GlcNAcb1-4(Gal b1-4GlcNAcb1-2)Mana1-3)Manb1-4GlcNAcb1-4(Fuca1-6)GlcNAc-Sp21,Gal(b1-4)GlcNAc(b1-6)[Gal(b1-4)GlcNAc(b1-2)]Man(a1-6)[GlcNAc(b1-4)]Gal(b1-4)GlcNAc(b1-4)[Gal (b1-4)GlcNAc(b1-2)]Man(a1-3)]Man(b1-4)GlcNAc(b1-4)[Fuc(a1-6)]GlcNAc(b1-Sp21
Galb1-3GlcNAca1-3Galb1-4GlcNAcb-Sp8 ,Gal(b1-3)GlcNAc(a1-3)Gal(b1-4)GlcNAc(b1-Sp8 
Galb1-3(6S)GlcNAcb-Sp8 ,Gal(b1-3)(6S)GlcNAc(b1-Sp8
(6S)(4S)GalNAcb1-4GlcNAc-Sp8,(6S)(4S)GalNAc(b1-4)GlcNAc(c1-Sp8
(6S)GalNAcb1-4GlcNAc-Sp8 ,(6S)GalNAc(b1-4)GlcNAc(c1-Sp8
(3S)GalNAcb1-4(3S)GlcNAc-Sp8,(3S)GalNAc(b1-4)(3S)GlcNAc(1-Sp8
GalNAcb1-4(6S)GlcNAc-Sp8 ,GalNAc(b1-4)(6S)GlcNAc(c1-Sp8
(3S)GalNAcb1-4GlcNAc-Sp8 ,(3S)GalNAc(b1-4)GlcNAc(c1-Sp8
(4S)GalNAcb-Sp10,(4S)GalNAc(b1-Sp10
Galb1-4(6P)GlcNAcb-Sp0 ,Gal(b1-4)(6P)GlcNAc(b1-Sp0
(6P)Galb1-4GlcNAcb-SP0 ,(6P)Gal(b1-4)GlcNAc(b1-Sp0
GalNAca1-3(Fuca1-2)Galb1-4GlcNAcb1-6GalNAc-Sp14,GalNAc(a1-3)[Fuc(a1-2)]Gal(b1-4)GlcNAc(b1-6)GalNAc(b1-Sp14
Neu5Aca2-6Galb1-4GlcNAcb1-2Man-Sp0,Neu5Ac(a2-6)Gal(b1-4)GlcNAc(b1-2)Man(b1-Sp0
Gala1-3Galb1-4GlcNAcb1-2Mana-Sp0,Gal(a1-3)Gal(b1-4)GlcNAc(b1-2)Man(a1-Sp0
Gala1-3(Fuca1-2)Galb1-4GlcNAcb1-2Mana-Sp0,Gal(a1-3)[Fuc(a1-2)]Gal(b1-4)GlcNAc(b1-2)Man(a1-Sp0
GalNAca1-3(Fuca1-2)Galb1-4 GlcNAcb1-2Mana-Sp0,GalNAc(a1-3)[Fuc(a1-2)]Gal(b1-4) GlcNAc(b1-2)Man(a1-Sp0
Galb1-3GlcNAcb1-2Mana-Sp0,Gal(b1-3)GlcNAc(b1-2)Man(a1-Sp0
Gala1-3(Fuca1-2)Galb1-3GlcNAcb1-6GalNAc-Sp14,Gal(a1-3)[Fuc(a1-2)]Gal(b1-3)GlcNAc(b1-6)GalNAc(b1-Sp14
Neu5Aca2-3Galb1-3GlcNAcb1-2Mana-Sp0,Neu5Ac(a2-3)Gal(b1-3)GlcNAc(b1-2)Man(a1-Sp0
Gala1-3Galb1-3GlcNAcb1-2Mana-Sp0,Gal(a1-3)Gal(b1-3)GlcNAc(b1-2)Man(a1-Sp0
GalNAcb1-4GlcNAcb1-2Mana-Sp0,GalNAc(b1-4)GlcNAc(b1-2)Man(a1-Sp0
Neu5Aca2-3Galb1-3GlcNAcb1-4Galb1-4Glcb-Sp0,Neu5Ac(a2-3)Gal(b1-3)GlcNAc(b1-4)Gal(b1-4)Glc(b1-Sp0
GlcNAcb1-2 Mana1-6(GlcNAcb1-4)(GlcNAcb1-2Mana1-3)Manb1-4GlcNAcb1-4(Fuca1-6)GlcNAc-Sp21,GlcNAc(b1-2)Man(a1-6)[GlcNAc(b1-4)][GlcNAc(b1-2)Man(a1-3)]Man(b1-4)GlcNAc(b1-4)[Fuc(a1-6)]GlcNAc(b1-Sp21
Galb1-4GlcNAcb1-2Mana1-6(GlcNAcb1-4)(Galb1-4GlcNAcb1-2Mana1-3)Manb1-4GlcNAcb1-4(Fuca1-6)GlcNAc-Sp21,Gal(b1-4)GlcNAc(b1-2)Man(a1-6)[GlcNAc(b1-4)][Gal(b1-4)GlcNAc(b1-2)Man(a1-3)]Man(b1-4)GlcNAc(b1-4)[Fuc(a1-6)]GlcNAc(b1-Sp21
Galb1-4GlcNAcb1-2Mana1-6(Galb1-4GlcNAcb1-4)(Galb1-4GlcNAcb1-2Mana1-3)Manb1-4GlcNAcb1-4(Fuca1-6)GlcNAc-Sp21,Gal(b1-4)GlcNAc(b1-2)Man(a1-6)[Gal(b1-4)GlcNAc(b1-4)][Gal(b1-4)GlcNAc(b1-2)Man(a1-3)]Man(b1-4)GlcNAc(b1-4)[Fuc(a1-6)]GlcNAc(b1-Sp21
Fuca1-4(Galb1-3)GlcNAcb1-2 Mana-Sp0,Fuc(a1-4)[Gal(b1-3)]GlcNAc(b1-2)Man(a1-Sp0
Neu5Aca2-3Galb1-4(Fuca1-3)GlcNAcb1-2Mana-Sp0,Neu5Ac(a2-3)Gal(b1-4)[Fuc(a1-3)]GlcNAc(b1-2)Man(a1-Sp0
GlcNAcb1-3Galb1-4GlcNAcb1-6(GlcNAcb1-3)Galb1-4GlcNAc-Sp0,GlcNAc(b1-3)Gal(b1-4)GlcNAc(b1-6)[GlcNAc(b1-3)]Gal(b1-4)GlcNAc(b1-Sp0
GalNAca1-3(Fuca1-2)Galb1-3GalNAcb1-3Gala1-4Galb1-4Glc-Sp21,GalNAc(a1-3)[Fuc(a1-2)]Gal(b1-3)GalNAc(b1-3)Gal(a1-4)Gal(b1-4)Glc(b1-Sp21
Gala1-3(Fuca1-2)Galb1-3GalNAcb1-3Gala1-4Galb1-4Glc-Sp21,Gal(a1-3)[Fuc(a1-2)]Gal(b1-3)GalNAc(b1-3)Gal(a1-4)Gal(b1-4)Glc(b1-Sp21
Galb1-3GalNAcb1-3Gal-Sp21,Gal(b1-3)GalNAc(b1-3)Gal(b1-Sp21
GlcNAcb1-3Galb1-4GlcNAcb1-2Mana1-6(GlcNAcb1-3Galb1-4GlcNAcb1-2Mana1-3)Manb1-4GlcNAcb1-4GlcNAcb-Sp12,GlcNAc(b1-3)Gal(b1-4)GlcNAc(b1-2)Man(a1-6)[GlcNAc(b1-3)Gal(b1-4)GlcNAc(b1-2)Man(a1-3)]Man(b1-4)GlcNAc(b1-4)GlcNAc(b1-Sp12
GlcNAcb1-3Galb1-4GlcNAcb1-2Mana1-6(GlcNAcb1-3Galb1-4GlcNAcb1-2Mana1-3)Manb1-4GlcNAcb1-4GlcNAcb-Sp25,GlcNAc(b1-3)Gal(b1-4)GlcNAc(b1-2)Man(a1-6)[GlcNAc(b1-3)Gal(b1-4)GlcNAc(b1-2)Man(a1-3)]Man(b1-4)GlcNAc(b1-4)GlcNAc(b1-Sp25
Galb1-4GlcNAcb1-3Galb1-4GlcNAcb1-2Mana1-6(Galb1-4GlcNAcb1-3Galb1-4GlcNAcb1-2Mana1-3)Manb1-4GlcNAcb1-4GlcNAcb-Sp12,Gal(b1-4)GlcNAc(b1-3)Gal(b1-4)GlcNAc(b1-2)Man(a1-6)[Gal(b1-4)GlcNAc(b1-3)Gal(b1-4)GlcNAc(b1-2)Man(a1-3)]Man(b1-4)GlcNAc(b1-4)GlcNAc(b1-Sp12
Galb1-4GlcNAcb1-3Galb1-4GlcNAcb1-2Mana1-6(Galb1-4GlcNAcb1-3Galb1-4GlcNAcb1-2Mana1-3)Manb1-4GlcNAcb1-4GlcNAcb-Sp24,Gal(b1-4)GlcNAc(b1-3)Gal(b1-4)GlcNAc(b1-2)Man(a1-6)[Gal(b1-4)GlcNAc(b1-3)Gal(b1-4)GlcNAc(b1-2)Man(a1-3)]Man(b1-4)GlcNAc(b1-4)GlcNAc(b1-Sp24
Neu5Gca2-3Galb1-4GlcNAcb1-3Galb1-4GlcNAcb1-2Mana1-6(Neu5Gca2-3Galb1-4GlcNAcb1-3Galb1-4GlcNAcb1-2Mana1-3)Manb1-4GlcNAcb1-4GlcNAcb-Sp24,Neu5Gc(a2-3)Gal(b1-4)GlcNAc(b1-3)Gal(b1-4)GlcNAc(b1-2)Man(a1-6)[Neu5Gc(a2-3)Gal(b1-4)GlcNAc(b1-3)Gal(b1-4)GlcNAc(b1-2)Man(a1-3)]Man(b1-4)GlcNAc(b1-4)GlcNAc(b1-Sp24
Fuca1-2Galb1-4GlcNAcb1-3Galb1-4GlcNAcb1-2Mana1-6(Fuca1-2Galb1-4GlcNAcb1-3Galb1-4GlcNAcb1-2Mana1-3)Manb1-4GlcNAcb1-4GlcNAcb-Sp24,Fuc(a1-2)Gal(b1-4)GlcNAc(b1-3)Gal(b1-4)GlcNAc(b1-2)Man(a1-6)[Fuc(a1-2)Gal(b1-4)GlcNAc(b1-3)Gal(b1-4)GlcNAc(b1-2)Man(a1-3)]Man(b1-4)GlcNAc(b1-4)GlcNAc(b1-Sp24
GlcNAcb1-3Galb1-4GlcNAcb1-3Galb1-4GlcNAcb1-2Mana1-6(GlcNAcb1-3Galb1-4GlcNAcb1-3Galb1-4GlcNAcb1-2Mana1-3)Manb1-4GlcNAcb1-4GlcNAcb-Sp12,GlcNAc(b1-3)Gal(b1-4)GlcNAc(b1-3)Gal(b1-4)GlcNAc(b1-2)Man(a1-6)[GlcNAc(b1-3)Gal(b1-4)GlcNAc(b1-3)Gal(b1-4)GlcNAc(b1-2)Man(a1-3)]Man(b1-4)GlcNAc(b1-4)GlcNAc(b1-Sp12
GlcNAcb1-3Galb1-4GlcNAcb1-3Galb1-4GlcNAcb1-2Mana1-6(GlcNAcb1-3Galb1-4GlcNAcb1-3Galb1-4GlcNAcb1-2Mana1-3)Manb1-4GlcNAcb1-4GlcNAcb-Sp25,GlcNAc(b1-3)Gal(b1-4)GlcNAc(b1-3)Gal(b1-4)GlcNAc(b1-2)Man(a1-6)[GlcNAc(b1-3)Gal(b1-4)GlcNAc(b1-3)Gal(b1-4)GlcNAc(b1-2)Man(a1-3)]Man(b1-4)GlcNAc(b1-4)GlcNAc(b1-Sp25
Galb1-4GlcNAcb1-3Galb1-4GlcNAcb1-3Galb1-4GlcNAcb1-2Mana1-6(Galb1-4GlcNAcb1-3Galb1-4GlcNAcb1-3Galb1-4GlcNAcb1-2Mana1-3)Manb1-4GlcNAcb1-4GlcNAcb-Sp12,Gal(b1-4)GlcNAc(b1-3)Gal(b1-4)GlcNAc(b1-3)Gal(b1-4)GlcNAc(b1-2)Man(a1-6)[Gal(b1-4)GlcNAc(b1-3)Gal(b1-4)GlcNAc(b1-3)Gal(b1-4)GlcNAc(b1-2)Man(a1-3)]Man(b1-4)GlcNAc(b1-4)GlcNAc(b1-Sp12
Galb1-4GlcNAcb1-3Galb1-4GlcNAcb1-3Galb1-4GlcNAcb1-2Mana1-6(Galb1-4GlcNAcb1-3Galb1-4GlcNAcb1-3Galb1-4GlcNAcb1-2Mana1-3)Manb1-4GlcNAcb1-4GlcNAcb-Sp24,Gal(b1-4)GlcNAc(b1-3)Gal(b1-4)GlcNAc(b1-3)Gal(b1-4)GlcNAc(b1-2)Man(a1-6)[Gal(b1-4)GlcNAc(b1-3)Gal(b1-4)GlcNAc(b1-3)Gal(b1-4)GlcNAc(b1-2)Man(a1-3)]Man(b1-4)GlcNAc(b1-4)GlcNAc(b1-Sp24
GlcNAcb1-3Galb1-4GlcNAcb1-3Galb1-4GlcNAcb1-3Galb1-4GlcNAcb1-2Mana1-6(GlcNAcb1-3Galb1-4GlcNAcb1-3Galb1-4GlcNAcb1-3Galb1-4GlcNAcb1-2Mana1-3)Manb1-4GlcNAcb1-4GlcNAcb-Sp25,GlcNAc(b1-3)Gal(b1-4)GlcNAc(b1-3)Gal(b1-4)GlcNAc(b1-3)Gal(b1-4)GlcNAc(b1-2)Man(a1-6)[GlcNAc(b1-3)Gal(b1-4)GlcNAc(b1-3)Gal(b1-4)GlcNAc(b1-3)Gal(b1-4)GlcNAc(b1-2)Man(a1-3)]Man(b1-4)GlcNAc(b1-4)GlcNAc(b1-Sp25
Galb1-4GlcNAcb1-3Galb1-4GlcNAcb1-3Galb1-4GlcNAcb1-3Galb1-4GlcNAcb1-2Mana1-6(Galb1-4GlcNAcb1-3Galb1-4GlcNAcb1-3Galb1-4GlcNAcb1-3Galb1-4GlcNAcb1-2Mana1-3)Manb1-4GlcNAcb1-4GlcNAcb-Sp25,Gal(b1-4)GlcNAc(b1-3)Gal(b1-4)GlcNAc(b1-3)Gal(b1-4)GlcNAc(b1-3)Gal(b1-4)GlcNAc(b1-2)Man(a1-6)[Gal(b1-4)GlcNAc(b1-3)Gal(b1-4)GlcNAc(b1-3)Gal(b1-4)GlcNAc(b1-3)Gal(b1-4)GlcNAc(b1-2)Man(a1-3)]Man(b1-4)GlcNAc(b1-4)GlcNAc(b1-Sp25
Galb1-3GlcNAcb1-3Galb1-4GlcNAcb1-2Mana1-6(Galb1-3GlcNAcb1-3Galb1-4GlcNAcb1-2Mana1-3)Manb1-4GlcNAcb1-4GlcNAc-Sp25,Gal(b1-3)GlcNAc(b1-3)Gal(b1-4)GlcNAc(b1-2)Man(a1-6)[Gal(b1-3)GlcNAc(b1-3)Gal(b1-4)GlcNAc(b1-2)Man(a1-3)]Man(b1-4)GlcNAc(b1-4)GlcNAc(b1-Sp25
Neu5Gca2-8Neu5Gca2-3Galb1-4GlcNAc-Sp0,Neu5Gc(a2-8)Neu5Gc(a2-3)Gal(b1-4)GlcNAc(b1-Sp0
Neu5Aca2-8Neu5Gca2-3Galb1-4GlcNAc-Sp0,Neu5Ac(a2-8)Neu5Gc(a2-3)Gal(b1-4)GlcNAc(b1-Sp0
Neu5Gca2-8Neu5Aca2-3Galb1-4GlcNAc-Sp0,Neu5Gc(a2-8)Neu5Ac(a2-3)Gal(b1-4)GlcNAc(b1-Sp0
Neu5Gca2-8Neu5Gca2-3Galb1-4GlcNAcb1-3Galb1-4GlcNAc-Sp0,Neu5Gc(a2-8)Neu5Gc(a2-3)Gal(b1-4)GlcNAc(b1-3)Gal(b1-4)GlcNAc(b1-Sp0
Neu5Gca2-8Neu5Gca2-6Galb1-4GlcNAc-Sp0,Neu5Gc(a2-8)Neu5Gc(a2-6)Gal(b1-4)GlcNAc(b1-Sp0
Neu5Aca2-8Neu5Aca2-3Galb1-4GlcNAc-Sp0,Neu5Ac(a2-8)Neu5Ac(a2-3)Gal(b1-4)GlcNAc(b1-Sp0
GlcNAcb1-3Galb1-4GlcNAcb1-6(GlcNAcb1-3Galb1-4GlcNAcb1-2)Mana1-6(GlcNAcb1-3Galb1-4GlcNAcb1-2Mana1-3)Manb1-4GlcNAcb1-4GlcNAc-Sp24,GlcNAc(b1-3)Gal(b1-4)GlcNAc(b1-6)[GlcNAc(b1-3)Gal(b1-4)GlcNAc(b1-2)]Man(a1-6)[GlcNAc(b1-3)Gal(b1-4)GlcNAc(b1-2)Man(a1-3)]Man(b1-4)GlcNAc(b1-4)GlcNAc(b1-Sp24
Galb1-4GlcNAcb1-3Galb1-4GlcNAcb1-6(Galb1-4GlcNAcb1-3Galb1-4GlcNAcb1-2)Mana1-6(Galb1-4GlcNAcb1-3Galb1-4GlcNAcb1-2Mana1-3)Mana1-4GlcNAcb1-4GlcNAc-Sp24,Gal(b1-4)GlcNAc(b1-3)Gal(b1-4)GlcNAc(b1-6)[Gal(b1-4)GlcNAc(b1-3)Gal(b1-4)GlcNAc(b1-2)]Man(a1-6)[Gal(b1-4)GlcNAc(b1-3)Gal(b1-4)GlcNAc(b1-2)Man(a1-3)]Man(a1-4)GlcNAc(b1-4)GlcNAc(b1-Sp24
Gala1-3Galb1-4GlcNAcb1-2Mana1-6(Gala1-3Galb1-4GlcNAcb1-2Mana1-3)Manb1-4GlcNAcb1-4GlcNAc-Sp24,Gal(a1-3)Gal(b1-4)GlcNAc(b1-2)Man(a1-6)[Gal(a1-3)Gal(b1-4)GlcNAc(b1-2)Man(a1-3)]Man(b1-4)GlcNAc(b1-4)GlcNAc(b1-Sp24
GlcNAcb1-3Galb1-4GlcNAcb1-6(GlcNAcb1-3Galb1-3)GalNAca-Sp14,GlcNAc(b1-3)Gal(b1-4)GlcNAc(b1-6)[GlcNAc(b1-3)Gal(b1-3)]GalNAc(a1-Sp14
GalNAcb1-3GlcNAcb-Sp0 ,GalNAc(b1-3)GlcNAc(b1-Sp0 
GalNAcb1-4GlcNAcb1-3GalNAcb1-4GlcNAcb-Sp0 ,GalNAc(b1-4)GlcNAc(b1-3)GalNAc(b1-4)GlcNAc(b1-Sp0 
GlcNAcb1-3Galb1-4GlcNAcb1-3Galb1-4GlcNAcb1-3Galb1-4GlcNAcb1-3Galb1-4GlcNAcb1-2Mana1-6(GlcNAcb1-3Galb1-4GlcNAcb1-3Galb1-4GlcNAcb1-3Galb1-4GlcNAcb1-3Galb1-4GlcNAcb1-2Mana1-3)Manb1-4GlcNAcb1-4GlcNAcb-Sp25,GlcNAc(b1-3)Gal(b1-4)GlcNAc(b1-3)Gal(b1-4)GlcNAc(b1-3)Gal(b1-4)GlcNAc(b1-3)Gal(b1-4)GlcNAc(b1-2)Man(a1-6)[GlcNAc(b1-3)Gal(b1-4)GlcNAc(b1-3)Gal(b1-4)GlcNAc(b1-3)Gal(b1-4)GlcNAc(b1-3)Gal(b1-4)GlcNAc(b1-2)Man(a1-3)]Man(b1-4)GlcNAc(b1-4)GlcNAc(b1-Sp25
Galb1-4GlcNAcb1-3Galb1-4GlcNAcb1-3Galb1-4GlcNAcb1-3Galb1-4GlcNAcb1-3Galb1-4GlcNAcb1-2Mana1-6(Galb1-4GlcNAcb1-3Galb1-4GlcNAcb1-3Galb1-4GlcNAcb1-3Galb1-4GlcNAcb1-3Galb1-4GlcNAcb1-2Mana1-3)Manb1-4GlcNAcb1-4GlcNAcb-Sp25,Gal(b1-4)GlcNAc(b1-3)Gal(b1-4)GlcNAc(b1-3)Gal(b1-4)GlcNAc(b1-3)Gal(b1-4)GlcNAc(b1-3)Gal(b1-4)GlcNAc(b1-2)Man(a1-6)[Gal(b1-4)GlcNAc(b1-3)Gal(b1-4)GlcNAc(b1-3)Gal(b1-4)GlcNAc(b1-3)Gal(b1-4)GlcNAc(b1-3)Gal(b1-4)GlcNAc(b1-2)Man(a1-3)]Man(b1-4)GlcNAc(b1-4)GlcNAc(b1-Sp25
GlcNAb1-3Galb1-3GalNAc-Sp14,GlcNAc(b1-3)Gal(b1-3)GalNAc(b1-Sp14
Galb1-3GlcNAcb1-6(Galb1-3)GalNAc-Sp14,Gal(b1-3)GlcNAc(b1-6)[Gal(b1-3)]GalNAc(b1-Sp14
Galb1-4GlcNAcb1-3Galb1-4GlcNAcb1-3Galb1-4GlcNAcb1-3Galb1-4GlcNAcb1-3Galb1-4GlcNAcb1-3Galb1-4GlcNAcb1-2Mana1-6(Galb1-4GlcNAcb1-3Galb1-4GlcNAcb1-3Galb1-4GlcNAcb1-3Galb1-4GlcNAcb1-3Galb1-4GlcNAcb1-3Galb1-4GlcNAcb1-2Mana1-3)Manb1-4GlcNAcb1-4GlcNAcb-Sp25,Gal(b1-4)GlcNAc(b1-3)Gal(b1-4)GlcNAc(b1-3)Gal(b1-4)GlcNAc(b1-3)Gal(b1-4)GlcNAc(b1-3)Gal(b1-4)GlcNAc(b1-3)Gal(b1-4)GlcNAc(b1-2)Man(a1-6)[Gal(b1-4)GlcNAc(b1-3)Gal(b1-4)GlcNAc(b1-3)Gal(b1-4)GlcNAc(b1-3)Gal(b1-4)GlcNAc(b1-3)Gal(b1-4)GlcNAc(b1-3)Gal(b1-4)GlcNAc(b1-2)Man(a1-3)]Man(b1-4)GlcNAc(b1-4)GlcNAc(b1-Sp25
(3S)GlcAb1-3Galb1-4GlcNAcb1-3Galb1-4Glc-Sp0,(3S)GlcA(b1-3)Gal(b1-4)GlcNAc(b1-3)Gal(b1-4)Glc(1-Sp0
(3S)GlcAb1-3Galb1-4GlcNAcb1-2Mana-Sp0,(3S)GlcA(b1-3)Gal(b1-4)GlcNAc(b1-2)Man(a1-Sp0
Galb1-3GlcNAcb1-3Galb1-4GlcNAcb1-3Galb1-4GlcNAcb1-6(Galb1-3GlcNAcb1-3Galb1-4GlcNAcb1-3Galb1-4GlcNAb1-2)Mana1-6(Galb1-3GlcNAcb1-3Galb1-4GlcNAcb1-3Galb1-4GlcNAcb1-2Mana1-3)Manb1-4GlcNAcb1-4(Fuca1-6)GlcNAcb-Sp24,Gal(b1-3)GlcNAc(b1-3)Gal(b1-4)GlcNAc(b1-3)Gal(b1-4)GlcNAc(b1-6)[Gal(b1-3)GlcNAc(b1-3)Gal(b1-4)GlcNAc(b1-3)Gal(b1-4)GlcNAc(b1-2)]Man(a1-6)[Gal(b1-3)GlcNAc(b1-3)Gal(b1-4)GlcNAc(b1-3)Gal(b1-4)GlcNAc(b1-2)Man(a1-3)]Man(b1-4)GlcNAc(b1-4)[Fuc(a1-6)]GlcNAc(b1-Sp24
Galb1-3GlcNAcb1-3Galb1-4GlcNAcb1-6(Galb1-3GlcNAcb1-3Galb1-4GlcNAb1-2)Mana1-6(Galb1-3GlcNAcb1-3Galb1-4GlcNAcb1-2Mana1-3)Manb1-4GlcNAcb1-4(Fuca1-6)GlcNAcb-Sp24,Gal(b1-3)GlcNAc(b1-3)Gal(b1-4)GlcNAc(b1-6)[Gal(b1-3)GlcNAc(b1-3)Gal(b1-4)GlcNAc(b1-2)]Man(a1-6)[Gal(b1-3)GlcNAc(b1-3)Gal(b1-4)GlcNAc(b1-2)Man(a1-3)]Man(b1-4)GlcNAc(b1-4)[Fuc(a1-6)]GlcNAc(b1-Sp24
Neu5Aca2-8Neu5Aca2-3Galb1-3GalNAcb1-4(Neu5Aca2-3)Galb1-4Glc-Sp21,Neu5Ac(a2-8)Neu5Ac(a2-3)Gal(b1-3)GalNAc(b1-4)[Neu5Ac(a2-3)]Gal(b1-4)Glc(b1-Sp21
GlcNAcb1-3Galb1-4GlcNAcb1-2Mana1-6(GlcNAcb1-3Galb1-4GlcNAcb1-2Mana1-3)Manb1-4GlcNAcb1-4(Fuca1-6)GlcNAcb-Sp24,GlcNAc(b1-3)Gal(b1-4)GlcNAc(b1-2)Man(a1-6)[GlcNAc(b1-3)Gal(b1-4)GlcNAc(b1-2)Man(a1-3)]Man(b1-4)GlcNAc(b1-4)[Fuc(a1-6)]GlcNAc(b1-Sp24
Galb1-4GlcNAcb1-3Galb1-4GlcNAcb1-2Mana1-6(Galb1-4GlcNAcb1-3Galb1-4GlcNAcb1-2Mana1-3)Manb1-4GlcNAcb1-4(Fuca1-6)GlcNAcb-Sp24,Gal(b1-4)GlcNAc(b1-3)Gal(b1-4)GlcNAc(b1-2)Man(a1-6)[Gal(b1-4)GlcNAc(b1-3)Gal(b1-4)GlcNAc(b1-2)Man(a1-3)]Man(b1-4)GlcNAc(b1-4)[Fuc(a1-6)]GlcNAc(b1-Sp24
GlcNAcb1-3Galb1-4GlcNAcb1-3Galb1-4GlcNAcb1-2Mana1-6(GlcNAcb1-3Galb1-4GlcNAcb1-3Galb1-4GlcNAcb1-2Mana1-3)Manb1-4GlcNAcb1-4(Fuca1-6)GlcNAcb-Sp24,GlcNAc(b1-3)Gal(b1-4)GlcNAc(b1-3)Gal(b1-4)GlcNAc(b1-2)Man(a1-6)[GlcNAc(b1-3)Gal(b1-4)GlcNAc(b1-3)Gal(b1-4)GlcNAc(b1-2)Man(a1-3)]Man(b1-4)GlcNAc(b1-4)[Fuc(a1-6)]GlcNAc(b1-Sp24
Galb1-4GlcNAcb1-3Galb1-4GlcNAcb1-3Galb1-4GlcNAcb1-2Mana1-6(Galb1-4GlcNAcb1-3Galb1-4GlcNAcb1-3Galb1-4GlcNAcb1-2Mana1-3)Manb1-4GlcNAcb1-4(Fuca1-6)GlcNAcb-Sp24,Gal(b1-4)GlcNAc(b1-3)Gal(b1-4)GlcNAc(b1-3)Gal(b1-4)GlcNAc(b1-2)Man(a1-6)[Gal(b1-4)GlcNAc(b1-3)Gal(b1-4)GlcNAc(b1-3)Gal(b1-4)GlcNAc(b1-2)Man(a1-3)]Man(b1-4)GlcNAc(b1-4)[Fuc(a1-6)]GlcNAc(b1-Sp24
GlcNAcb1-3Galb1-4GlcNAcb1-3Galb1-4GlcNAcb1-3Galb1-4GlcNAcb1-2Mana1-6(GlcNAcb1-3Galb1-4GlcNAcb1-3Galb1-4GlcNAcb1-3Galb1-4GlcNAcb1-2Mana1-3)Manb1-4GlcNAcb1-4(Fuca1-6)GlcNAcb-Sp24,GlcNAc(b1-3)Gal(b1-4)GlcNAc(b1-3)Gal(b1-4)GlcNAc(b1-3)Gal(b1-4)GlcNAc(b1-2)Man(a1-6)[GlcNAc(b1-3)Gal(b1-4)GlcNAc(b1-3)Gal(b1-4)GlcNAc(b1-3)Gal(b1-4)GlcNAc(b1-2)Man(a1-3)]Man(b1-4)GlcNAc(b1-4)[Fuc(a1-6)]GlcNAc(b1-Sp24
Galb1-4GlcNAcb1-3Galb1-4GlcNAcb1-3Galb1-4GlcNAcb1-3Galb1-4GlcNAcb1-2Mana1-6(Galb1-4GlcNAcb1-3Galb1-4GlcNAcb1-3Galb1-4GlcNAcb1-3Galb1-4GlcNAcb1-2Mana1-3)Manb1-4GlcNAcb1-4(Fuca1-6)GlcNAcb-Sp24,Gal(b1-4)GlcNAc(b1-3)Gal(b1-4)GlcNAc(b1-3)Gal(b1-4)GlcNAc(b1-3)Gal(b1-4)GlcNAc(b1-2)Man(a1-6)[Gal(b1-4)GlcNAc(b1-3)Gal(b1-4)GlcNAc(b1-3)Gal(b1-4)GlcNAc(b1-3)Gal(b1-4)GlcNAc(b1-2)Man(a1-3)]Man(b1-4)GlcNAc(b1-4)[Fuc(a1-6)]GlcNAc(b1-Sp24
GlcNAcb1-3Galb1-4GlcNAcb1-3Galb1-4GlcNAcb1-3Galb1-4GlcNAcb1-3Galb1-4GlcNAcb1-2Mana1-6(GlcNAcb1-3Galb1-4GlcNAcb1-3Galb1-4GlcNAcb1-3Galb1-4GlcNAcb1-3Galb1-4GlcNAcb1-2Mana1-3)Manb1-4GlcNAcb1-4(Fuca1-6)GlcNAcb-Sp19,GlcNAc(b1-3)Gal(b1-4)GlcNAc(b1-3)Gal(b1-4)GlcNAc(b1-3)Gal(b1-4)GlcNAc(b1-3)Gal(b1-4)GlcNAc(b1-2)Man(a1-6)[GlcNAc(b1-3)Gal(b1-4)GlcNAc(b1-3)Gal(b1-4)GlcNAc(b1-3)Gal(b1-4)GlcNAc(b1-3)Gal(b1-4)GlcNAc(b1-2)Man(a1-3)]Man(b1-4)GlcNAc(b1-4)[Fuc(a1-6)]GlcNAc(b1-Sp19
Galb1-4GlcNAcb1-3Galb1-4GlcNAcb1-3Galb1-4GlcNAcb1-3Galb1-4GlcNAcb1-3Galb1-4GlcNAcb1-2Mana1-6(Galb1-4GlcNAcb1-3Galb1-4GlcNAcb1-3Galb1-4GlcNAcb1-3Galb1-4GlcNAcb1-3Galb1-4GlcNAcb1-2Mana1-3)Manb1-4GlcNAcb1-4(Fuca1-6)GlcNAcb-Sp19,Gal(b1-4)GlcNAc(b1-3)Gal(b1-4)GlcNAc(b1-3)Gal(b1-4)GlcNAc(b1-3)Gal(b1-4)GlcNAc(b1-3)Gal(b1-4)GlcNAc(b1-2)Man(a1-6)[Gal(b1-4)GlcNAc(b1-3)Gal(b1-4)GlcNAc(b1-3)Gal(b1-4)GlcNAc(b1-3)Gal(b1-4)GlcNAc(b1-3)Gal(b1-4)GlcNAc(b1-2)Man(a1-3)]Man(b1-4)GlcNAc(b1-4)[Fuc(a1-6)]GlcNAc(b1-Sp19
Galb1-4GlcNAcb1-3Galb1-4GlcNAcb1-6(Galb1-4GlcNAcb1-3Galb1-4GlcNAb1-2)Mana1-6(Galb1-4GlcNAcb1-3Galb1-4GlcNAcb1-2Mana1-3)Manb1-4GlcNAcb1-4(Fuca1-6)GlcNAcb-Sp24,Gal(b1-4)GlcNAc(b1-3)Gal(b1-4)GlcNAc(b1-6)[Gal(b1-4)GlcNAc(b1-3)Gal(b1-4)GlcNAc(b1-2)]Man(a1-6)[Gal(b1-4)GlcNAc(b1-3)Gal(b1-4)GlcNAc(b1-2)Man(a1-3)]Man(b1-4)GlcNAc(b1-4)[Fuc(a1-6)]GlcNAc(b1-Sp24
GlcNAcb1-3Galb1-4GlcNAcb1-3Galb1-4GlcNAcb1-6(GlcNAcb1-3Galb1-4GlcNAcb1-3Galb1-4GlcNAb1-2)Mana1-6(GlcNAcb1-3Galb1-4GlcNAcb1-3Galb1-4GlcNAcb1-2Mana1-3)Manb1-4GlcNAcb1-4(Fuca1-6)GlcNAcb-Sp24,GlcNAc(b1-3)Gal(b1-4)GlcNAc(b1-3)Gal(b1-4)GlcNAc(b1-6)[GlcNAc(b1-3)Gal(b1-4)GlcNAc(b1-3)Gal(b1-4)GlcNAc(b1-2)]Man(a1-6)[GlcNAc(b1-3)Gal(b1-4)GlcNAc(b1-3)Gal(b1-4)GlcNAc(b1-2)Man(a1-3)]Man(b1-4)GlcNAc(b1-4)[Fuc(a1-6)]GlcNAc(b1-Sp24
Galb1-4GlcNAcb1-3Galb1-4GlcNAcb1-3Galb1-4GlcNAcb1-6(Galb1-4GlcNAcb1-3Galb1-4GlcNAcb1-3Galb1-4GlcNAb1-2)Mana1-6(Galb1-4GlcNAcb1-3Galb1-4GlcNAcb1-3Galb1-4GlcNAcb1-2Mana1-3)Manb1-4GlcNAcb1-4(Fuca1-6)GlcNAcb-Sp24,Gal(b1-4)GlcNAc(b1-3)Gal(b1-4)GlcNAc(b1-3)Gal(b1-4)GlcNAc(b1-6)[Gal(b1-4)GlcNAc(b1-3)Gal(b1-4)GlcNAc(b1-3)Gal(b1-4)GlcNAc(b1-2)]Man(a1-6)[Gal(b1-4)GlcNAc(b1-3)Gal(b1-4)GlcNAc(b1-3)Gal(b1-4)GlcNAc(b1-2)Man(a1-3)]Man(b1-4)GlcNAc(b1-4)[Fuc(a1-6)]GlcNAc(b1-Sp24
GlcNAcb1-3Galb1-4GlcNAcb1-3Galb1-4GlcNAcb1-3Galb1-4GlcNAcb1-6(GlcNAcb1-3Galb1-4GlcNAcb1-3Galb1-4GlcNAcb1-3Galb1-4GlcNAb1-2)Mana1-6(GlcNAcb1-3Galb1-4GlcNAcb1-3Galb1-4GlcNAcb1-3Galb1-4GlcNAcb1-2Mana1-3)Manb1-4GlcNAcb1-4(Fuca1-6)GlcNAcb-Sp24,GlcNAc(b1-3)Gal(b1-4)GlcNAc(b1-3)Gal(b1-4)GlcNAc(b1-3)Gal(b1-4)GlcNAc(b1-6)[GlcNAc(b1-3)Gal(b1-4)GlcNAc(b1-3)Gal(b1-4)GlcNAc(b1-3)Gal(b1-4)GlcNAc(b1-2)]Man(a1-6)[GlcNAc(b1-3)Gal(b1-4)GlcNAc(b1-3)Gal(b1-4)GlcNAc(b1-3)Gal(b1-4)GlcNAc(b1-2)Man(a1-3)]Man(b1-4)GlcNAc(b1-4)[Fuc(a1-6)]GlcNAc(b1-Sp24
Galb1-4GlcNAcb1-3Galb1-4GlcNAcb1-3Galb1-4GlcNAcb1-3Galb1-4GlcNAcb1-6(Galb1-4GlcNAcb1-3Galb1-4GlcNAcb1-3Galb1-4GlcNAcb1-3Galb1-4GlcNAb1-2)Mana1-6(Galb1-4GlcNAcb1-3Galb1-4GlcNAcb1-3Galb1-4GlcNAcb1-3Galb1-4GlcNAcb1-2Mana1-3)Manb1-4GlcNAcb1-4(Fuca1-6)GlcNAcb-Sp24,Gal(b1-4)GlcNAc(b1-3)Gal(b1-4)GlcNAc(b1-3)Gal(b1-4)GlcNAc(b1-3)Gal(b1-4)GlcNAc(b1-6)[Gal(b1-4)GlcNAc(b1-3)Gal(b1-4)GlcNAc(b1-3)Gal(b1-4)GlcNAc(b1-3)Gal(b1-4)GlcNAc(b1-2)]Man(a1-6)[Gal(b1-4)GlcNAc(b1-3)Gal(b1-4)GlcNAc(b1-3)Gal(b1-4)GlcNAc(b1-3)Gal(b1-4)GlcNAc(b1-2)Man(a1-3)]Man(b1-4)GlcNAc(b1-4)[Fuc(a1-6)]GlcNAc(b1-Sp24
GlcNAcb1-3Galb1-4GlcNAcb1-3Galb1-4GlcNAcb1-3Galb1-4GlcNAcb1-3Galb1-4GlcNAcb1-6(GlcNAcb1-3Galb1-4GlcNAcb1-3Galb1-4GlcNAcb1-3Galb1-4GlcNAcb1-3Galb1-4GlcNAb1-2)Mana1-6(GlcNAcb1-3Galb1-4GlcNAcb1-3Galb1-4GlcNAcb1-3Galb1-4GlcNAcb1-3Galb1-4GlcNAcb1-2Mana1-3)Manb1-4GlcNAcb1-4(Fuca1-6)GlcNAcb-Sp24,GlcNAc(b1-3)Gal(b1-4)GlcNAc(b1-3)Gal(b1-4)GlcNAc(b1-3)Gal(b1-4)GlcNAc(b1-3)Gal(b1-4)GlcNAc(b1-6)[GlcNAc(b1-3)Gal(b1-4)GlcNAc(b1-3)Gal(b1-4)GlcNAc(b1-3)Gal(b1-4)GlcNAc(b1-3)Gal(b1-4)GlcNAc(b1-2)]Man(a1-6)[GlcNAc(b1-3)Gal(b1-4)GlcNAc(b1-3)Gal(b1-4)GlcNAc(b1-3)Gal(b1-4)GlcNAc(b1-3)Gal(b1-4)GlcNAc(b1-2)Man(a1-3)]Man(b1-4)GlcNAc(b1-4)[Fuc(a1-6)]GlcNAc(b1-Sp24
Galb1-4GlcNAcb1-3Galb1-4GlcNAcb1-3Galb1-4GlcNAcb1-3Galb1-4GlcNAcb1-3Galb1-4GlcNAcb1-6(Galb1-4GlcNAcb1-3Galb1-4GlcNAcb1-3Galb1-4GlcNAcb1-3Galb1-4GlcNAcb1-3Galb1-4GlcNAb1-2)Mana1-6(Galb1-4GlcNAcb1-3Galb1-4GlcNAcb1-3Galb1-4GlcNAcb1-3Galb1-4GlcNAcb1-3Galb1-4GlcNAcb1-2Mana1-3)Manb1-4GlcNAcb1-4(Fuca1-6)GlcNAcb-Sp24,Gal(b1-4)GlcNAc(b1-3)Gal(b1-4)GlcNAc(b1-3)Gal(b1-4)GlcNAc(b1-3)Gal(b1-4)GlcNAc(b1-3)Gal(b1-4)GlcNAc(b1-6)[Gal(b1-4)GlcNAc(b1-3)Gal(b1-4)GlcNAc(b1-3)Gal(b1-4)GlcNAc(b1-3)Gal(b1-4)GlcNAc(b1-3)Gal(b1-4)GlcNAc(b1-2)]Man(a1-6)[Gal(b1-4)GlcNAc(b1-3)Gal(b1-4)GlcNAc(b1-3)Gal(b1-4)GlcNAc(b1-3)Gal(b1-4)GlcNAc(b1-3)Gal(b1-4)GlcNAc(b1-2)Man(a1-3)]Man(b1-4)GlcNAc(b1-4)[Fuc(a1-6)]GlcNAc(b1-Sp24
Galb1-4GlcNAcb1-3Galb1-4GlcNAcb1-3GalNAca-Sp14,Gal(b1-4)GlcNAc(b1-3)Gal(b1-4)GlcNAc(b1-3)GalNAc(a1-Sp14
Galb1-4GlcNAcb1-3Galb1-4GlcNAcb1-6(Galb1-3)GalNAca-Sp14,Gal(b1-4)GlcNAc(b1-3)Gal(b1-4)GlcNAc(b1-6)[Gal(b1-3)]GalNAc(a1-Sp14
Galb1-4GlcNAcb1-3Galb1-4GlcNAcb1-6(Galb1-4GlcNAcb1-3Galb1-4GlcNAcb1-3)GalNAca-Sp14,Gal(b1-4)GlcNAc(b1-3)Gal(b1-4)GlcNAc(b1-6)[Gal(b1-4)GlcNAc(b1-3)Gal(b1-4)GlcNAc(b1-3)]GalNAc(a1-Sp14
Neu5Aca2-3Galb1-4GlcNAcb1-3Galb1-4GlcNAcb1-3GalNAca-Sp14,Neu5Ac(a2-3)Gal(b1-4)GlcNAc(b1-3)Gal(b1-4)GlcNAc(b1-3)GalNAc(a1-Sp14
GlcNAcb1-3Galb1-4GlcNAcb1-3GalNAca-Sp14,GlcNAc(b1-3)Gal(b1-4)GlcNAc(b1-3)GalNAc(a1-Sp14
GlcNAcb1-3Galb1-4GlcNAcb1-6(Galb1-3)GalNAca-Sp14,GlcNAc(b1-3)Gal(b1-4)GlcNAc(b1-6)[Gal(b1-3)]GalNAc(a1-Sp14
GlcNAcb1-3Galb1-4GlcNAcb1-6(GlcNAcb1-3Galb1-4GlcNAcb1-3)GalNAca-Sp14,GlcNAc(b1-3)Gal(b1-4)GlcNAc(b1-6)[GlcNAc(b1-3)Gal(b1-4)GlcNAc(b1-3)]GalNAc(a1-Sp14
Neu5Aca2-3Galb1-4GlcNAcb1-3Galb1-4GlcNAcb1-6(Neu5Aca2-3Galb1-4GlcNAcb1-3Galb1-4GlcNAcb1-3)GalNAca-Sp14,Neu5Ac(a2-3)Gal(b1-4)GlcNAc(b1-3)Gal(b1-4)GlcNAc(b1-6)[Neu5Ac(a2-3)Gal(b1-4)GlcNAc(b1-3)Gal(b1-4)GlcNAc(b1-3)]GalNAc(a1-Sp14
Neu5Aca2-6Galb1-4GlcNAcb1-3Galb1-4GlcNAcb1-3GalNAca-Sp14,Neu5Ac(a2-6)Gal(b1-4)GlcNAc(b1-3)Gal(b1-4)GlcNAc(b1-3)GalNAc(a1-Sp14
GlcNAcb1-3Galb1-4GlcNAcb1-3Galb1-4GlcNAcb1-3GalNAca-Sp14,GlcNAc(b1-3)Gal(b1-4)GlcNAc(b1-3)Gal(b1-4)GlcNAc(b1-3)GalNAc(a1-Sp14
Galb1-4GlcNAcb1-3Galb1-3GalNAca-Sp14,Gal(b1-4)GlcNAc(b1-3)Gal(b1-3)GalNAc(a1-Sp14
Neu5Aca2-3Galb1-4GlcNAcb1-3Galb1-4GlcNAcb1-6(Galb1-3)GalNAca-Sp14,Neu5Ac(a2-3)Gal(b1-4)GlcNAc(b1-3)Gal(b1-4)GlcNAc(b1-6)[Gal(b1-3)]GalNAc(a1-Sp14
Neu5Aca2-6Galb1-4GlcNAcb1-3Galb1-4GlcNAcb1-6(Galb1-3)GalNAca-Sp14,Neu5Ac(a2-6)Gal(b1-4)GlcNAc(b1-3)Gal(b1-4)GlcNAc(b1-6)[Gal(b1-3)]GalNAc(a1-Sp14
Neu5Aca2-6Galb1-4GlcNAcb1-6(Galb1-3)GalNAca-Sp14,Neu5Ac(a2-6)Gal(b1-4)GlcNAc(b1-6)[Gal(b1-3)]GalNAc(a1-Sp14
Neu5Aca2-3Galb1-4GlcNAcb1-3Galb1-4GlcNAcb1-2Mana1-6(Neu5Aca2-3Galb1-4GlcNAcb1-3Galb1-4GlcNAcb1-2Mana1-3)Manb1-4GlcNAcb1-4GlcNAcb-Sp12,Neu5Ac(a2-3)Gal(b1-4)GlcNAc(b1-3)Gal(b1-4)GlcNAc(b1-2)Man(a1-6)[Neu5Ac(a2-3)Gal(b1-4)GlcNAc(b1-3)Gal(b1-4)GlcNAc(b1-2)Man(a1-3)]Man(b1-4)GlcNAc(b1-4)GlcNAc(b1-Sp12
GlcNAcb1-6(Neu5Aca2-3Galb1-3)GalNAca-Sp14,GlcNAc(b1-6)[Neu5Ac(a2-3)Gal(b1-3)]GalNAc(a1-Sp14
Neu5Aca2-6Galb1-4GlcNAcb1-3Galb1-4GlcNAcb1-6(Neu5Aca2-6Galb1-4GlcNAcb1-3Galb1-4GlcNAcb1-3)GalNAca-Sp14,Neu5Ac(a2-6)Gal(b1-4)GlcNAc(b1-3)Gal(b1-4)GlcNAc(b1-6)[Neu5Ac(a2-6)Gal(b1-4)GlcNAc(b1-3)Gal(b1-4)GlcNAc(b1-3)]GalNAc(a1-Sp14
Neu5Aca2-6Galb1-4GlcNAcb1-3Galb1-4GlcNAcb1-3Galb1-4GlcNAcb1-2Mana1-6(Neu5Aca2-6Galb1-4GlcNAcb1-3Galb1-4GlcNAcb1-3Galb1-4GlcNAcb1-2Mana1-3)Manb1-4GlcNAcb1-4GlcNAcb-Sp12,Neu5Ac(a2-6)Gal(b1-4)GlcNAc(b1-3)Gal(b1-4)GlcNAc(b1-3)Gal(b1-4)GlcNAc(b1-2)Man(a1-6)[Neu5Ac(a2-6)Gal(b1-4)GlcNAc(b1-3)Gal(b1-4)GlcNAc(b1-3)Gal(b1-4)GlcNAc(b1-2)Man(a1-3)]Man(b1-4)GlcNAc(b1-4)GlcNAc(b1-Sp12
Neu5Aca2-3Galb1-4GlcNAcb1-3Galb1-4GlcNAcb1-3Galb1-4GlcNAcb1-2Mana1-6(Neu5Aca2-3Galb1-4GlcNAcb1-3Galb1-4GlcNAcb1-3Galb1-4GlcNAcb1-2Mana1-3)Manb1-4GlcNAcb1-4GlcNAcb-Sp12,Neu5Ac(a2-3)Gal(b1-4)GlcNAc(b1-3)Gal(b1-4)GlcNAc(b1-3)Gal(b1-4)GlcNAc(b1-2)Man(a1-6)[Neu5Ac(a2-3)Gal(b1-4)GlcNAc(b1-3)Gal(b1-4)GlcNAc(b1-3)Gal(b1-4)GlcNAc(b1-2)Man(a1-3)]Man(b1-4)GlcNAc(b1-4)GlcNAc(b1-Sp12
Neu5Aca2-6Galb1-4GlcNAcb1-3Galb1-4GlcNAcb1-2Mana1-6(Neu5Aca2-6Galb1-4GlcNAcb1-3Galb1-4GlcNAcb1-2Mana1-3)Manb1-4GlcNAcb1-4GlcNAcb-Sp12,Neu5Ac(a2-6)Gal(b1-4)GlcNAc(b1-3)Gal(b1-4)GlcNAc(b1-2)Man(a1-6)[Neu5Ac(a2-6)Gal(b1-4)GlcNAc(b1-3)Gal(b1-4)GlcNAc(b1-2)Man(a1-3)]Man(b1-4)GlcNAc(b1-4)GlcNAc(b1-Sp12
GlcNAcb1-3Fuca-Sp21,GlcNAc(b1-3)Fuc(a1-Sp21
Galb1-3GalNAcb1-4(Neu5Aca2-8Neu5Aca2-8Neu5Aca2-3)Galb1-4Glcb-Sp21,Gal(b1-3)GalNAc(b1-4)[Neu5Ac(a2-8)Neu5Ac(a2-8)Neu5Ac(a2-3)]Gal(b1-4)Glc(b1-Sp21